NPRODUCTO,CONCURSO,R1,R2,R3,R4,R5,R6,BOLSA,FECHA
41,2858,8,17,18,25,35,37,"$21,000,000.00",26/4/2015
41,2857,22,26,40,45,52,53,"$20,500,000.00",22/4/2015
41,2856,25,26,34,35,42,46,"$20,000,000.00",19/4/2015
41,2855,12,28,37,43,45,52,"$107,500,000.00",15/4/2015
41,2854,6,10,32,39,42,46,"$104,000,000.00",12/4/2015
41,2853,8,28,39,44,47,55,"$101,500,000.00",8/4/2015
41,2852,1,2,4,10,37,55,"$98,000,000.00",5/4/2015
41,2851,2,9,13,16,17,23,"$96,000,000.00",1/4/2015
41,2850,7,13,17,22,29,52,"$93,500,000.00",29/3/2015
41,2849,3,20,28,32,49,52,"$91,000,000.00",25/3/2015
41,2848,35,39,44,48,53,56,"$87,500,000.00",22/3/2015
41,2847,15,24,30,40,52,55,"$84,500,000.00",18/3/2015
41,2846,1,3,4,10,17,56,"$81,500,000.00",15/3/2015
41,2845,9,33,37,45,48,52,"$79,000,000.00",11/3/2015
41,2844,28,30,35,43,47,50,"$75,500,000.00",8/3/2015
41,2843,2,6,7,25,29,34,"$73,000,000.00",4/3/2015
41,2842,1,12,14,18,39,40,"$69,500,000.00",1/3/2015
41,2841,17,18,37,38,43,52,"$67,000,000.00",25/2/2015
41,2840,2,15,31,40,45,49,"$63,500,000.00",22/2/2015
41,2839,13,23,26,39,47,48,"$61,000,000.00",18/2/2015
41,2838,4,30,31,33,51,54,"$58,000,000.00",15/2/2015
41,2837,8,13,31,36,41,54,"$55,000,000.00",11/2/2015
41,2836,1,7,22,28,49,55,"$51,500,000.00",8/2/2015
41,2835,1,4,17,31,43,56,"$48,500,000.00",4/2/2015
41,2834,4,20,35,36,38,56,"$46,000,000.00",1/2/2015
41,2833,13,23,26,37,51,54,"$43,000,000.00",28/1/2015
41,2832,4,6,9,25,38,55,"$40,500,000.00",25/1/2015
41,2831,18,22,25,45,49,52,"$37,000,000.00",21/1/2015
41,2830,18,25,30,41,49,56,"$34,000,000.00",18/1/2015
41,2829,27,32,36,39,43,46,"$31,000,000.00",14/1/2015
41,2828,10,20,28,42,44,51,"$29,000,000.00",11/1/2015
41,2827,1,5,16,20,31,52,"$28,000,000.00",7/1/2015
41,2826,1,6,21,25,48,55,"$27,000,000.00",4/1/2015
41,2825,17,36,40,42,48,50,"$26,000,000.00",31/12/2014
41,2824,3,12,25,33,39,51,"$25,000,000.00",28/12/2014
41,2823,1,17,34,38,48,54,"$24,000,000.00",24/12/2014
41,2822,4,32,33,35,39,42,"$23,000,000.00",21/12/2014
41,2821,3,32,35,36,43,56,"$22,000,000.00",17/12/2014
41,2820,3,4,11,12,36,53,"$21,000,000.00",14/12/2014
41,2819,8,16,18,19,33,45,"$20,000,000.00",10/12/2014
41,2818,3,11,32,40,41,47,"$24,000,000.00",7/12/2014
41,2817,16,18,20,25,47,55,"$23,000,000.00",3/12/2014
41,2816,3,16,17,18,36,43,"$22,000,000.00",30/11/2014
41,2815,4,21,22,33,34,50,"$21,000,000.00",26/11/2014
41,2814,10,12,31,32,38,42,"$20,000,000.00",23/11/2014
41,2813,2,21,24,28,29,53,"$415,500,000.00",19/11/2014
41,2812,5,18,20,32,33,49,"$412,000,000.00",16/11/2014
41,2811,6,12,25,31,37,42,"$409,000,000.00",12/11/2014
41,2810,24,28,32,36,40,52,"$405,500,000.00",9/11/2014
41,2809,2,24,33,45,49,51,"$402,500,000.00",5/11/2014
41,2808,22,23,40,50,52,56,"$398,500,000.00",2/11/2014
41,2807,4,38,43,47,50,53,"$395,000,000.00",29/10/2014
41,2806,10,19,27,42,46,54,"$392,000,000.00",26/10/2014
41,2805,4,19,32,35,42,56,"$389,000,000.00",22/10/2014
41,2804,12,22,37,39,46,49,"$385,000,000.00",19/10/2014
41,2803,7,25,29,35,43,54,"$383,000,000.00",15/10/2014
41,2802,2,6,27,41,44,46,"$379,500,000.00",12/10/2014
41,2801,5,13,21,43,45,53,"$376,500,000.00",8/10/2014
41,2800,7,17,22,32,42,53,"$373,500,000.00",5/10/2014
41,2799,8,24,27,38,51,52,"$370,000,000.00",1/10/2014
41,2798,2,13,16,29,45,49,"$367,000,000.00",28/9/2014
41,2797,17,29,31,35,46,54,"$364,000,000.00",24/9/2014
41,2796,4,41,45,52,53,55,"$360,000,000.00",21/9/2014
41,2795,24,28,30,32,37,47,"$357,500,000.00",17/9/2014
41,2794,7,10,28,33,41,45,"$354,000,000.00",14/9/2014
41,2793,16,22,27,28,30,49,"$351,500,000.00",10/9/2014
41,2792,3,4,15,18,21,34,"$348,000,000.00",7/9/2014
41,2791,1,7,16,22,34,55,"$345,000,000.00",3/9/2014
41,2790,1,16,45,46,53,54,"$341,500,000.00",31/8/2014
41,2789,16,24,47,50,52,55,"$339,000,000.00",27/8/2014
41,2788,6,12,13,24,36,53,"$335,500,000.00",24/8/2014
41,2787,16,24,27,29,35,53,"$332,500,000.00",20/8/2014
41,2786,4,23,28,44,45,48,"$329,000,000.00",17/8/2014
41,2785,13,20,35,36,37,52,"$326,000,000.00",13/8/2014
41,2784,19,29,33,34,43,46,"$322,000,000.00",10/8/2014
41,2783,6,7,15,23,31,46,"$319,000,000.00",6/8/2014
41,2782,18,20,27,38,47,54,"$315,000,000.00",3/8/2014
41,2781,6,26,29,41,46,48,"$311,500,000.00",30/7/2014
41,2780,2,3,15,16,26,47,"$308,000,000.00",27/7/2014
41,2779,14,16,17,31,48,56,"$305,000,000.00",23/7/2014
41,2778,4,10,13,31,38,54,"$302,000,000.00",20/7/2014
41,2777,16,19,28,34,48,49,"$298,500,000.00",16/7/2014
41,2776,1,26,39,40,41,52,"$294,500,000.00",13/7/2014
41,2775,3,20,22,31,43,52,"$292,000,000.00",9/7/2014
41,2774,5,25,26,29,32,37,"$288,000,000.00",6/7/2014
41,2773,13,19,21,25,54,56,"$285,000,000.00",2/7/2014
41,2772,8,17,20,22,28,44,"$282,000,000.00",29/6/2014
41,2771,4,5,14,39,42,45,"$279,000,000.00",25/6/2014
41,2770,5,25,32,35,40,51,"$276,000,000.00",22/6/2014
41,2769,20,30,35,40,41,45,"$273,000,000.00",18/6/2014
41,2768,6,13,27,46,52,55,"$269,000,000.00",15/6/2014
41,2767,3,4,7,24,28,56,"$267,000,000.00",11/6/2014
41,2766,8,24,30,31,43,44,"$263,500,000.00",8/6/2014
41,2765,23,25,26,28,55,56,"$260,500,000.00",4/6/2014
41,2764,8,9,17,34,38,53,"$256,500,000.00",1/6/2014
41,2763,17,18,31,39,47,54,"$254,000,000.00",28/5/2014
41,2762,5,15,17,22,38,46,"$251,000,000.00",25/5/2014
41,2761,24,32,39,43,47,51,"$247,000,000.00",21/5/2014
41,2760,1,5,20,27,35,54,"$244,000,000.00",18/5/2014
41,2759,11,13,19,25,36,37,"$241,000,000.00",14/5/2014
41,2758,9,22,44,45,48,49,"$238,000,000.00",11/5/2014
41,2757,32,34,35,36,50,55,"$234,500,000.00",7/5/2014
41,2756,12,19,33,34,41,55,"$231,500,000.00",4/5/2014
41,2755,4,12,16,20,22,47,"$229,000,000.00",30/4/2014
41,2754,8,10,23,26,44,56,"$225,000,000.00",27/4/2014
41,2753,17,26,28,31,37,47,"$222,000,000.00",23/4/2014
41,2752,7,10,14,22,39,54,"$219,500,000.00",20/4/2014
41,2751,2,21,24,32,37,47,"$217,000,000.00",16/4/2014
41,2750,14,24,46,54,55,56,"$214,000,000.00",13/4/2014
41,2749,1,2,4,22,36,37,"$211,000,000.00",9/4/2014
41,2748,24,33,36,43,48,52,"$208,000,000.00",6/4/2014
41,2747,3,4,15,26,42,47,"$205,000,000.00",2/4/2014
41,2746,2,21,27,29,33,47,"$202,000,000.00",30/3/2014
41,2745,15,19,21,24,38,48,"$199,500,000.00",26/3/2014
41,2744,4,5,20,36,41,53,"$196,000,000.00",23/3/2014
41,2743,14,23,26,31,37,45,"$193,500,000.00",19/3/2014
41,2742,25,33,34,50,52,53,"$190,000,000.00",16/3/2014
41,2741,3,4,13,22,27,29,"$188,000,000.00",12/3/2014
41,2740,3,9,21,27,46,48,"$185,000,000.00",9/3/2014
41,2739,10,14,36,49,51,54,"$182,000,000.00",5/3/2014
41,2738,11,12,28,30,50,54,"$178,500,000.00",2/3/2014
41,2737,1,11,14,22,27,34,"$176,000,000.00",26/2/2014
41,2736,7,17,18,29,33,52,"$173,000,000.00",23/2/2014
41,2735,1,26,33,34,44,45,"$170,000,000.00",19/2/2014
41,2734,5,26,27,30,44,51,"$167,000,000.00",16/2/2014
41,2733,7,18,23,24,31,56,"$164,500,000.00",12/2/2014
41,2732,14,17,18,39,46,53,"$161,000,000.00",9/2/2014
41,2731,15,19,29,50,51,53,"$157,500,000.00",5/2/2014
41,2730,17,23,32,34,40,41,"$153,500,000.00",2/2/2014
41,2729,2,10,34,36,42,50,"$151,000,000.00",29/1/2014
41,2728,17,21,23,32,34,45,"$147,500,000.00",26/1/2014
41,2727,8,19,40,42,50,52,"$144,500,000.00",22/1/2014
41,2726,4,7,8,12,25,50,"$141,000,000.00",19/1/2014
41,2725,7,18,19,38,50,56,"$138,500,000.00",15/1/2014
41,2724,2,13,19,30,38,56,"$135,000,000.00",12/1/2014
41,2723,2,32,37,39,48,52,"$131,500,000.00",8/1/2014
41,2722,4,22,29,33,46,52,"$128,000,000.00",5/1/2014
41,2721,1,10,13,24,30,40,"$125,000,000.00",1/1/2014
41,2720,2,24,27,32,42,52,"$121,500,000.00",29/12/2013
41,2719,3,17,24,30,34,46,"$118,500,000.00",25/12/2013
41,2718,16,21,33,34,39,45,"$116,000,000.00",22/12/2013
41,2717,8,9,16,40,41,46,"$112,500,000.00",18/12/2013
41,2716,6,8,13,19,21,25,"$109,500,000.00",15/12/2013
41,2715,5,11,13,17,21,35,"$107,000,000.00",11/12/2013
41,2714,18,23,38,40,43,52,"$104,000,000.00",8/12/2013
41,2713,1,12,44,46,51,55,"$101,000,000.00",4/12/2013
41,2712,1,19,30,43,45,46,"$97,000,000.00",1/12/2013
41,2711,8,15,19,25,26,27,"$94,500,000.00",27/11/2013
41,2710,19,21,24,26,45,50,"$91,000,000.00",24/11/2013
41,2709,3,12,14,16,27,56,"$89,000,000.00",20/11/2013
41,2708,4,7,28,29,50,53,"$86,000,000.00",17/11/2013
41,2707,17,25,31,32,37,56,"$83,000,000.00",13/11/2013
41,2706,5,24,30,35,43,48,"$80,000,000.00",10/11/2013
41,2705,17,18,30,39,45,46,"$77,000,000.00",6/11/2013
41,2704,2,11,16,23,24,31,"$74,000,000.00",3/11/2013
41,2703,21,25,27,36,40,55,"$71,000,000.00",30/10/2013
41,2702,9,10,11,16,26,29,"$68,500,000.00",27/10/2013
41,2701,7,17,32,36,38,39,"$66,000,000.00",23/10/2013
41,2700,12,18,23,25,38,40,"$63,000,000.00",20/10/2013
41,2699,7,29,35,37,50,51,"$60,000,000.00",16/10/2013
41,2698,7,11,13,21,34,50,"$57,000,000.00",13/10/2013
41,2697,2,4,6,27,45,51,"$55,000,000.00",9/10/2013
41,2696,25,28,31,41,43,53,"$52,000,000.00",6/10/2013
41,2695,2,3,6,8,19,30,"$49,000,000.00",2/10/2013
41,2694,14,21,25,30,34,56,"$46,000,000.00",29/9/2013
41,2693,4,13,18,32,36,47,"$43,500,000.00",25/9/2013
41,2692,3,8,11,37,40,53,"$40,500,000.00",22/9/2013
41,2691,5,23,26,34,35,55,"$38,500,000.00",18/9/2013
41,2690,12,13,35,42,46,49,"$35,000,000.00",15/9/2013
41,2689,30,35,36,39,40,45,"$32,500,000.00",11/9/2013
41,2688,1,5,6,8,15,29,"$29,500,000.00",8/9/2013
41,2687,6,9,24,26,32,49,"$28,000,000.00",4/9/2013
41,2686,10,16,19,37,48,56,"$27,000,000.00",1/9/2013
41,2685,4,15,18,30,31,44,"$26,000,000.00",28/8/2013
41,2684,3,17,26,28,31,32,"$25,000,000.00",25/8/2013
41,2683,13,33,37,42,48,55,"$24,000,000.00",21/8/2013
41,2682,7,15,19,40,46,54,"$23,000,000.00",18/8/2013
41,2681,8,23,28,33,47,52,"$22,000,000.00",14/8/2013
41,2680,4,12,18,22,30,43,"$21,000,000.00",11/8/2013
41,2679,2,15,20,32,36,51,"$20,000,000.00",7/8/2013
41,2678,5,7,17,24,35,56,"$326,000,000.00",4/8/2013
41,2677,4,10,18,36,50,52,"$322,500,000.00",31/7/2013
41,2676,4,27,42,46,50,53,"$318,000,000.00",28/7/2013
41,2675,3,8,11,14,15,24,"$314,500,000.00",24/7/2013
41,2674,3,12,17,38,39,48,"$310,000,000.00",21/7/2013
41,2673,17,21,30,35,36,40,"$305,500,000.00",17/7/2013
41,2672,9,12,17,24,29,54,"$301,000,000.00",14/7/2013
41,2671,3,7,34,42,46,52,"$297,000,000.00",10/7/2013
41,2670,5,11,25,26,30,35,"$292,000,000.00",7/7/2013
41,2669,5,6,23,33,35,44,"$288,000,000.00",3/7/2013
41,2668,1,12,20,35,46,47,"$283,000,000.00",30/6/2013
41,2667,13,21,22,24,47,55,"$278,000,000.00",26/6/2013
41,2666,2,19,26,32,33,49,"$272,000,000.00",23/6/2013
41,2665,2,3,13,34,39,50,"$267,000,000.00",19/6/2013
41,2664,9,11,23,25,33,42,"$261,500,000.00",16/6/2013
41,2663,3,4,9,17,31,56,"$257,000,000.00",12/6/2013
41,2662,3,10,26,42,43,50,"$251,500,000.00",9/6/2013
41,2661,4,13,21,25,29,50,"$247,000,000.00",5/6/2013
41,2660,21,29,31,42,46,49,"$240,500,000.00",2/6/2013
41,2659,10,30,32,44,45,47,"$235,000,000.00",29/5/2013
41,2658,8,18,23,29,30,37,"$230,000,000.00",26/5/2013
41,2657,5,22,32,36,50,55,"$226,000,000.00",22/5/2013
41,2656,4,14,20,34,39,40,"$220,000,000.00",19/5/2013
41,2655,8,11,26,32,38,41,"$215,000,000.00",15/5/2013
41,2654,2,4,41,48,49,52,"$210,000,000.00",12/5/2013
41,2653,18,26,33,39,43,45,"$205,000,000.00",8/5/2013
41,2652,1,7,23,25,44,55,"$200,000,000.00",5/5/2013
41,2651,2,3,11,32,37,40,"$195,000,000.00",1/5/2013
41,2650,1,12,16,18,35,48,"$190,500,000.00",28/4/2013
41,2649,4,6,26,38,43,50,"$186,500,000.00",24/4/2013
41,2648,11,12,21,39,40,45,"$181,000,000.00",21/4/2013
41,2647,1,4,9,26,42,46,"$177,000,000.00",17/4/2013
41,2646,9,15,16,24,33,50,"$172,000,000.00",14/4/2013
41,2645,6,17,27,32,41,53,"$167,500,000.00",10/4/2013
41,2644,1,4,11,26,44,47,"$162,500,000.00",7/4/2013
41,2643,16,26,33,35,40,54,"$158,000,000.00",3/4/2013
41,2642,1,4,15,23,33,47,"$154,000,000.00",31/3/2013
41,2641,2,4,13,19,52,55,"$150,000,000.00",27/3/2013
41,2640,3,26,31,38,49,56,"$146,000,000.00",24/3/2013
41,2639,23,29,35,37,45,54,"$142,000,000.00",20/3/2013
41,2638,17,20,33,42,43,52,"$137,500,000.00",17/3/2013
41,2637,5,25,29,32,40,55,"$133,500,000.00",13/3/2013
41,2636,15,29,33,38,48,54,"$129,000,000.00",10/3/2013
41,2635,5,6,7,25,38,40,"$125,000,000.00",6/3/2013
41,2634,21,23,28,46,47,53,"$120,500,000.00",3/3/2013
41,2633,4,17,19,26,52,54,"$117,000,000.00",27/2/2013
41,2632,8,15,20,31,38,54,"$113,000,000.00",24/2/2013
41,2631,6,7,10,18,49,56,"$109,000,000.00",20/2/2013
41,2630,9,16,24,28,43,55,"$104,500,000.00",17/2/2013
41,2629,1,3,15,32,46,53,"$101,000,000.00",13/2/2013
41,2628,2,13,33,36,38,43,"$97,000,000.00",10/2/2013
41,2627,5,27,29,31,43,44,"$93,500,000.00",6/2/2013
41,2626,5,15,18,21,42,56,"$89,500,000.00",3/2/2013
41,2625,8,10,16,21,45,47,"$86,000,000.00",30/1/2013
41,2624,2,12,22,33,35,44,"$82,500,000.00",27/1/2013
41,2623,8,10,11,17,34,35,"$79,000,000.00",23/1/2013
41,2622,14,22,43,48,55,56,"$75,000,000.00",20/1/2013
41,2621,21,27,28,30,35,40,"$71,500,000.00",16/1/2013
41,2620,5,9,11,17,33,34,"$68,000,000.00",13/1/2013
41,2619,5,7,31,38,47,50,"$64,500,000.00",9/1/2013
41,2618,10,19,25,35,44,56,"$60,500,000.00",6/1/2013
41,2617,2,14,16,26,34,43,"$58,000,000.00",2/1/2013
41,2616,5,8,16,32,44,45,"$54,000,000.00",30/12/2012
41,2615,11,12,14,27,31,50,"$51,500,000.00",26/12/2012
41,2614,1,11,18,22,26,30,"$47,500,000.00",23/12/2012
41,2613,2,8,30,34,37,39,"$44,000,000.00",19/12/2012
41,2612,2,7,16,25,33,54,"$41,500,000.00",16/12/2012
41,2611,11,17,28,38,50,56,"$38,000,000.00",12/12/2012
41,2610,1,9,20,28,33,44,"$35,000,000.00",9/12/2012
41,2609,14,25,27,34,50,55,"$32,000,000.00",5/12/2012
41,2608,7,15,16,21,36,39,"$29,000,000.00",2/12/2012
41,2607,22,24,30,40,50,56,"$28,000,000.00",28/11/2012
41,2606,9,20,45,54,55,56,"$27,000,000.00",25/11/2012
41,2605,1,26,35,48,52,54,"$26,000,000.00",21/11/2012
41,2604,4,15,17,21,35,37,"$25,000,000.00",18/11/2012
41,2603,1,12,19,26,38,54,"$24,000,000.00",14/11/2012
41,2602,14,26,39,41,44,48,"$23,000,000.00",11/11/2012
41,2601,16,17,28,41,44,53,"$22,000,000.00",7/11/2012
41,2600,10,27,40,53,55,56,"$21,000,000.00",4/11/2012
41,2599,3,9,14,27,42,53,"$20,000,000.00",31/10/2012
41,2598,3,5,11,30,35,50,"$20,000,000.00",28/10/2012
41,2597,1,37,38,39,41,51,"$68,000,000.00",24/10/2012
41,2596,11,13,22,26,36,48,"$65,000,000.00",21/10/2012
41,2595,12,16,30,32,40,54,"$62,500,000.00",17/10/2012
41,2594,12,13,17,26,41,55,"$59,500,000.00",14/10/2012
41,2593,6,21,25,36,41,48,"$57,000,000.00",10/10/2012
41,2592,13,18,20,34,51,55,"$54,000,000.00",7/10/2012
41,2591,6,13,23,30,33,45,"$51,000,000.00",3/10/2012
41,2590,4,16,26,31,33,36,"$48,000,000.00",30/9/2012
41,2589,13,14,24,31,50,55,"$45,500,000.00",26/9/2012
41,2588,4,11,16,17,20,45,"$43,000,000.00",23/9/2012
41,2587,1,13,24,25,43,46,"$40,500,000.00",19/9/2012
41,2586,8,21,24,33,34,40,"$37,500,000.00",16/9/2012
41,2585,10,16,26,33,34,55,"$35,000,000.00",12/9/2012
41,2584,15,20,29,50,53,56,"$32,500,000.00",9/9/2012
41,2583,5,16,31,38,40,53,"$31,000,000.00",5/9/2012
41,2582,3,5,10,12,20,37,"$30,000,000.00",2/9/2012
41,2581,12,14,15,24,44,50,"$29,000,000.00",29/8/2012
41,2580,3,18,22,23,25,37,"$28,000,000.00",26/8/2012
41,2579,11,15,26,43,51,53,"$27,000,000.00",22/8/2012
41,2578,9,28,31,39,47,52,"$26,000,000.00",19/8/2012
41,2577,3,7,33,50,52,56,"$25,000,000.00",15/8/2012
41,2576,5,21,32,34,41,53,"$24,000,000.00",12/8/2012
41,2575,6,7,9,17,29,46,"$23,000,000.00",8/8/2012
41,2574,19,24,25,27,30,36,"$22,000,000.00",5/8/2012
41,2573,5,7,9,10,25,45,"$21,000,000.00",1/8/2012
41,2572,1,27,34,41,50,56,"$20,000,000.00",29/7/2012
41,2571,2,6,18,25,51,55,"$38,000,000.00",25/7/2012
41,2570,3,23,36,39,41,48,"$36,000,000.00",22/7/2012
41,2569,13,21,28,29,30,39,"$34,000,000.00",18/7/2012
41,2568,15,23,37,40,48,49,"$30,000,000.00",15/7/2012
41,2567,2,13,24,49,53,55,"$28,000,000.00",11/7/2012
41,2566,4,22,26,27,37,41,"$27,000,000.00",8/7/2012
41,2565,3,13,25,35,41,50,"$26,000,000.00",4/7/2012
41,2564,4,20,22,41,49,51,"$25,000,000.00",1/7/2012
41,2563,5,10,14,20,25,51,"$24,000,000.00",27/6/2012
41,2562,1,16,31,35,45,46,"$23,000,000.00",24/6/2012
41,2561,3,13,15,18,40,54,"$22,000,000.00",20/6/2012
41,2560,2,6,8,12,31,49,"$21,000,000.00",17/6/2012
41,2559,8,13,16,20,37,43,"$20,000,000.00",13/6/2012
41,2558,3,9,37,39,40,54,"$46,000,000.00",10/6/2012
41,2557,10,12,16,21,47,49,"$43,000,000.00",6/6/2012
41,2556,5,9,25,36,40,48,"$39,000,000.00",3/6/2012
41,2555,15,28,31,43,49,52,"$36,000,000.00",30/5/2012
41,2554,4,8,15,29,30,52,"$33,000,000.00",27/5/2012
41,2553,5,7,15,18,23,37,"$30,000,000.00",23/5/2012
41,2552,19,24,29,39,49,51,"$28,000,000.00",20/5/2012
41,2551,2,14,19,21,26,40,"$27,000,000.00",16/5/2012
41,2550,2,4,6,18,42,51,"$26,000,000.00",13/5/2012
41,2549,2,10,17,19,20,44,"$25,000,000.00",9/5/2012
41,2548,8,18,25,28,29,30,"$24,000,000.00",6/5/2012
41,2547,5,11,24,25,29,36,"$23,000,000.00",2/5/2012
41,2546,11,14,25,29,53,55,"$22,000,000.00",29/4/2012
41,2545,7,23,28,30,45,47,"$21,000,000.00",25/4/2012
41,2544,7,9,14,24,48,56,"$20,000,000.00",22/4/2012
41,2543,6,11,24,33,49,56,"$20,000,000.00",18/4/2012
41,2542,1,3,12,29,50,52,"$80,000,000.00",15/4/2012
41,2541,1,9,27,42,50,53,"$77,000,000.00",11/4/2012
41,2540,13,20,23,33,39,51,"$73,000,000.00",8/4/2012
41,2539,5,13,25,46,52,56,"$69,000,000.00",4/4/2012
41,2538,10,36,42,50,51,55,"$66,000,000.00",1/4/2012
41,2537,4,21,44,48,49,56,"$63,000,000.00",28/3/2012
41,2536,6,9,16,26,51,54,"$60,000,000.00",25/3/2012
41,2535,23,24,26,35,36,38,"$56,000,000.00",21/3/2012
41,2534,6,28,36,38,39,41,"$53,000,000.00",18/3/2012
41,2533,7,22,30,31,38,44,"$50,000,000.00",14/3/2012
41,2532,14,15,28,31,40,50,"$47,000,000.00",11/3/2012
41,2531,4,5,7,29,36,37,"$44,000,000.00",7/3/2012
41,2530,7,10,18,20,42,48,"$41,000,000.00",4/3/2012
41,2529,3,13,15,16,17,24,"$38,000,000.00",29/2/2012
41,2528,26,28,33,44,46,54,"$34,000,000.00",26/2/2012
41,2527,10,20,23,53,55,56,"$31,000,000.00",22/2/2012
41,2526,2,29,34,39,49,54,"$28,000,000.00",19/2/2012
41,2525,7,12,24,25,44,47,"$27,000,000.00",15/2/2012
41,2524,2,5,20,24,36,37,"$26,000,000.00",12/2/2012
41,2523,6,8,20,29,40,44,"$25,000,000.00",8/2/2012
41,2522,3,12,19,31,37,49,"$24,000,000.00",5/2/2012
41,2521,3,5,35,38,52,56,"$23,000,000.00",1/2/2012
41,2520,12,22,26,42,53,56,"$22,000,000.00",29/1/2012
41,2519,19,21,25,39,48,53,"$21,000,000.00",25/1/2012
41,2518,9,20,36,51,53,54,"$20,000,000.00",22/1/2012
41,2517,24,28,30,35,36,45,"$48,000,000.00",18/1/2012
41,2516,1,6,27,31,45,49,"$44,000,000.00",15/1/2012
41,2515,13,19,25,27,31,47,"$41,000,000.00",11/1/2012
41,2514,10,15,19,26,38,44,"$37,000,000.00",8/1/2012
41,2513,9,17,23,47,50,55,"$33,000,000.00",4/1/2012
41,2512,2,19,23,29,43,45,"$29,000,000.00",1/1/2012
41,2511,11,22,30,41,42,56,"$27,000,000.00",28/12/2011
41,2510,3,12,18,27,34,48,"$26,000,000.00",25/12/2011
41,2509,10,11,13,44,52,55,"$25,000,000.00",21/12/2011
41,2508,2,5,16,32,46,50,"$24,000,000.00",18/12/2011
41,2507,21,25,26,38,47,51,"$23,000,000.00",14/12/2011
41,2506,8,9,28,34,42,49,"$22,000,000.00",11/12/2011
41,2505,6,31,34,35,45,55,"$21,000,000.00",7/12/2011
41,2504,7,18,23,27,45,54,"$20,000,000.00",4/12/2011
41,2503,1,14,23,29,45,52,"$86,000,000.00",30/11/2011
41,2502,7,9,10,15,39,44,"$83,000,000.00",27/11/2011
41,2501,6,7,9,39,42,53,"$80,000,000.00",23/11/2011
41,2500,1,13,17,51,53,55,"$77,000,000.00",20/11/2011
41,2499,12,16,18,27,30,51,"$73,000,000.00",16/11/2011
41,2498,4,25,39,41,46,49,"$69,000,000.00",13/11/2011
41,2497,3,36,37,39,40,49,"$66,000,000.00",9/11/2011
41,2496,5,9,18,19,27,51,"$62,000,000.00",6/11/2011
41,2495,7,20,30,37,46,48,"$58,000,000.00",2/11/2011
41,2494,3,20,31,51,52,54,"$54,000,000.00",30/10/2011
41,2493,5,14,18,23,34,42,"$50,000,000.00",26/10/2011
41,2492,5,24,27,32,33,36,"$46,000,000.00",23/10/2011
41,2491,2,4,10,19,30,46,"$42,000,000.00",19/10/2011
41,2490,14,24,26,31,44,56,"$38,000,000.00",16/10/2011
41,2489,1,10,29,31,39,44,"$34,000,000.00",12/10/2011
41,2488,13,22,34,42,44,48,"$30,000,000.00",9/10/2011
41,2487,14,24,46,51,53,56,"$27,000,000.00",5/10/2011
41,2486,26,40,43,44,51,55,"$25,000,000.00",2/10/2011
41,2485,4,20,26,37,51,56,"$24,000,000.00",28/9/2011
41,2484,12,24,28,40,49,53,"$23,000,000.00",25/9/2011
41,2483,5,20,32,36,45,54,"$22,000,000.00",21/9/2011
41,2482,2,5,19,47,50,52,"$21,000,000.00",18/9/2011
41,2481,7,10,12,18,21,27,"$20,000,000.00",14/9/2011
41,2480,30,36,46,52,53,54,"$84,000,000.00",11/9/2011
41,2479,12,15,18,28,36,48,"$81,000,000.00",7/9/2011
41,2478,1,13,14,22,30,43,"$77,000,000.00",4/9/2011
41,2477,3,5,16,32,38,40,"$73,000,000.00",31/8/2011
41,2476,9,13,23,26,27,29,"$70,000,000.00",28/8/2011
41,2475,10,37,39,41,42,46,"$67,000,000.00",24/8/2011
41,2474,13,21,26,29,43,46,"$63,000,000.00",21/8/2011
41,2473,2,11,16,26,28,35,"$60,000,000.00",17/8/2011
41,2472,4,16,29,37,48,56,"$55,000,000.00",14/8/2011
41,2471,5,15,17,33,50,54,"$53,000,000.00",10/8/2011
41,2470,2,9,35,40,49,55,"$49,000,000.00",7/8/2011
41,2469,4,15,24,39,44,47,"$45,000,000.00",3/8/2011
41,2468,5,32,40,41,43,44,"$41,000,000.00",31/7/2011
41,2467,6,22,37,38,39,54,"$37,000,000.00",27/7/2011
41,2466,2,11,17,25,49,52,"$35,000,000.00",24/7/2011
41,2465,2,20,36,38,41,55,"$31,000,000.00",20/7/2011
41,2464,18,25,30,34,36,47,"$27,000,000.00",17/7/2011
41,2463,13,22,30,33,49,56,"$26,000,000.00",13/7/2011
41,2462,5,41,45,51,52,53,"$25,000,000.00",10/7/2011
41,2461,1,3,15,19,24,39,"$24,000,000.00",6/7/2011
41,2460,4,10,18,23,40,48,"$23,000,000.00",3/7/2011
41,2459,3,18,22,39,47,53,"$22,000,000.00",29/6/2011
41,2458,7,10,40,42,50,53,"$21,000,000.00",26/6/2011
41,2457,18,19,26,43,46,51,"$20,000,000.00",22/6/2011
41,2456,18,39,40,50,54,56,"$32,000,000.00",19/6/2011
41,2455,2,9,15,41,42,44,"$28,000,000.00",15/6/2011
41,2454,7,11,14,21,52,56,"$26,000,000.00",12/6/2011
41,2453,8,18,26,33,41,43,"$25,000,000.00",8/6/2011
41,2452,2,17,23,24,51,55,"$24,000,000.00",5/6/2011
41,2451,20,22,23,33,43,44,"$23,000,000.00",1/6/2011
41,2450,4,13,14,42,45,56,"$22,000,000.00",29/5/2011
41,2449,1,19,21,37,49,53,"$21,000,000.00",25/5/2011
41,2448,7,16,18,23,35,48,"$20,000,000.00",22/5/2011
41,2447,1,6,13,42,48,54,"$22,000,000.00",18/5/2011
41,2446,9,15,22,26,46,47,"$21,000,000.00",15/5/2011
41,2445,1,3,7,12,15,33,"$20,000,000.00",11/5/2011
41,2444,1,6,29,31,35,37,"$172,000,000.00",8/5/2011
41,2443,2,7,11,36,42,49,"$167,000,000.00",4/5/2011
41,2442,16,22,40,42,44,53,"$161,000,000.00",1/5/2011
41,2441,30,33,38,39,55,56,"$156,000,000.00",27/4/2011
41,2440,5,14,18,27,53,55,"$152,000,000.00",24/4/2011
41,2439,28,31,33,36,38,43,"$148,000,000.00",20/4/2011
41,2438,3,5,15,25,36,41,"$143,000,000.00",17/4/2011
41,2437,8,22,23,32,37,54,"$138,000,000.00",13/4/2011
41,2436,7,9,19,26,31,44,"$134,000,000.00",10/4/2011
41,2435,4,8,13,17,20,29,"$130,000,000.00",6/4/2011
41,2434,5,6,26,33,35,38,"$125,000,000.00",3/4/2011
41,2433,4,8,33,35,36,55,"$121,000,000.00",30/3/2011
41,2432,13,16,26,34,35,52,"$117,000,000.00",27/3/2011
41,2431,1,2,3,39,46,50,"$113,000,000.00",23/3/2011
41,2430,14,15,17,18,33,38,"$109,000,000.00",20/3/2011
41,2429,2,27,28,33,45,50,"$105,000,000.00",16/3/2011
41,2428,4,16,33,43,46,48,"$100,000,000.00",13/3/2011
41,2427,5,17,21,24,26,47,"$97,000,000.00",9/3/2011
41,2426,1,11,24,31,34,47,"$93,000,000.00",6/3/2011
41,2425,6,7,14,18,28,46,"$89,000,000.00",2/3/2011
41,2424,1,11,14,38,41,43,"$85,000,000.00",27/2/2011
41,2423,2,11,16,42,49,50,"$81,000,000.00",23/2/2011
41,2422,9,11,23,33,45,56,"$77,000,000.00",20/2/2011
41,2421,10,13,18,22,35,44,"$74,000,000.00",16/2/2011
41,2420,4,5,13,19,25,52,"$70,000,000.00",13/2/2011
41,2419,9,19,29,33,46,50,"$66,000,000.00",9/2/2011
41,2418,1,8,14,34,37,47,"$62,000,000.00",6/2/2011
41,2417,29,30,36,44,46,53,"$59,000,000.00",2/2/2011
41,2416,8,22,30,49,50,53,"$54,000,000.00",30/1/2011
41,2415,4,18,20,23,41,44,"$51,000,000.00",26/1/2011
41,2414,15,18,40,42,51,54,"$47,000,000.00",23/1/2011
41,2413,23,28,34,40,45,50,"$43,000,000.00",19/1/2011
41,2412,7,8,14,30,43,46,"$39,000,000.00",16/1/2011
41,2411,21,27,31,44,52,56,"$36,000,000.00",12/1/2011
41,2410,1,15,24,36,47,49,"$32,000,000.00",9/1/2011
41,2409,2,9,10,17,28,40,"$28,000,000.00",5/1/2011
41,2408,8,13,19,33,40,54,"$25,000,000.00",2/1/2011
41,2407,12,24,27,32,33,43,"$24,000,000.00",29/12/2010
41,2406,26,27,35,36,38,51,"$23,000,000.00",26/12/2010
41,2405,12,19,23,30,47,48,"$22,000,000.00",22/12/2010
41,2404,6,11,14,20,44,55,"$21,000,000.00",19/12/2010
41,2403,13,18,19,22,47,54,"$20,000,000.00",15/12/2010
41,2402,8,13,15,20,28,35,"$138,000,000.00",12/12/2010
41,2401,11,21,26,32,40,55,"$134,000,000.00",8/12/2010
41,2400,1,15,16,23,44,53,"$130,000,000.00",5/12/2010
41,2399,7,10,27,30,31,51,"$126,000,000.00",1/12/2010
41,2398,14,31,36,42,50,54,"$121,000,000.00",28/11/2010
41,2397,2,25,27,32,37,53,"$118,000,000.00",24/11/2010
41,2396,26,28,35,43,49,50,"$113,000,000.00",21/11/2010
41,2395,5,24,32,39,40,46,"$109,000,000.00",17/11/2010
41,2394,2,13,14,24,34,55,"$105,000,000.00",14/11/2010
41,2393,4,6,7,41,51,56,"$101,000,000.00",10/11/2010
41,2392,1,11,15,28,34,56,"$97,000,000.00",7/11/2010
41,2391,7,11,24,25,37,54,"$92,000,000.00",3/11/2010
41,2390,6,8,9,23,36,47,"$89,000,000.00",31/10/2010
41,2389,15,18,30,35,36,40,"$85,000,000.00",27/10/2010
41,2388,12,16,33,37,41,43,"$81,000,000.00",24/10/2010
41,2387,8,18,20,36,40,54,"$77,000,000.00",20/10/2010
41,2386,9,12,17,20,23,38,"$73,000,000.00",17/10/2010
41,2385,3,8,22,29,47,48,"$70,000,000.00",13/10/2010
41,2384,6,13,16,19,41,56,"$65,000,000.00",10/10/2010
41,2383,8,19,29,30,36,50,"$61,000,000.00",6/10/2010
41,2382,4,13,18,24,32,50,"$57,000,000.00",3/10/2010
41,2381,2,12,18,45,49,50,"$53,000,000.00",29/9/2010
41,2380,24,27,34,36,39,55,"$48,000,000.00",26/9/2010
41,2379,6,8,23,24,28,54,"$44,000,000.00",22/9/2010
41,2378,5,9,15,17,23,43,"$41,000,000.00",19/9/2010
41,2377,1,17,18,24,33,48,"$35,000,000.00",15/9/2010
41,2376,13,25,26,35,36,50,"$30,000,000.00",12/9/2010
41,2375,2,9,14,15,28,55,"$26,000,000.00",8/9/2010
41,2374,8,21,25,45,52,54,"$23,000,000.00",5/9/2010
41,2373,1,9,27,38,48,49,"$22,000,000.00",1/9/2010
41,2372,3,19,26,35,51,52,"$21,000,000.00",29/8/2010
41,2371,3,11,13,24,30,56,"$20,000,000.00",25/8/2010
41,2370,10,18,21,37,38,39,"$269,000,000.00",22/8/2010
41,2369,2,16,28,37,50,51,"$267,000,000.00",18/8/2010
41,2368,4,6,11,22,35,47,"$264,000,000.00",15/8/2010
41,2367,34,35,40,41,54,56,"$262,000,000.00",11/8/2010
41,2366,7,25,29,38,39,54,"$259,000,000.00",8/8/2010
41,2365,4,32,33,37,48,54,"$257,000,000.00",4/8/2010
41,2364,6,12,22,28,37,50,"$254,000,000.00",1/8/2010
41,2363,14,17,39,40,50,53,"$252,000,000.00",28/7/2010
41,2362,9,11,14,24,40,54,"$249,000,000.00",25/7/2010
41,2361,16,18,48,49,50,52,"$247,000,000.00",21/7/2010
41,2360,1,9,10,35,42,54,"$244,000,000.00",18/7/2010
41,2359,1,10,22,40,41,46,"$241,000,000.00",14/7/2010
41,2358,4,28,31,32,40,42,"$239,000,000.00",11/7/2010
41,2357,9,16,26,38,48,50,"$237,000,000.00",7/7/2010
41,2356,9,14,18,38,43,45,"$234,000,000.00",4/7/2010
41,2355,2,18,28,43,44,46,"$232,000,000.00",30/6/2010
41,2354,2,15,23,26,29,30,"$228,000,000.00",27/6/2010
41,2353,22,30,39,43,44,53,"$224,000,000.00",23/6/2010
41,2352,2,17,26,36,50,54,"$219,000,000.00",20/6/2010
41,2351,16,17,40,43,45,47,"$214,000,000.00",16/6/2010
41,2350,10,11,24,42,45,53,"$210,000,000.00",13/6/2010
41,2349,9,27,30,34,46,48,"$206,000,000.00",9/6/2010
41,2348,16,18,19,21,31,38,"$202,000,000.00",6/6/2010
41,2347,1,11,15,33,40,48,"$198,000,000.00",2/6/2010
41,2346,3,7,14,20,23,54,"$195,000,000.00",30/5/2010
41,2345,2,9,12,21,29,52,"$192,000,000.00",26/5/2010
41,2344,3,25,30,33,36,46,"$188,000,000.00",23/5/2010
41,2343,15,17,19,33,40,41,"$186,000,000.00",19/5/2010
41,2342,4,17,18,31,52,55,"$182,000,000.00",16/5/2010
41,2341,6,17,31,36,42,56,"$179,000,000.00",12/5/2010
41,2340,2,9,13,15,16,38,"$177,000,000.00",9/5/2010
41,2339,3,16,31,36,37,40,"$174,000,000.00",5/5/2010
41,2338,20,24,25,33,50,54,"$171,000,000.00",2/5/2010
41,2337,2,24,33,36,40,46,"$169,000,000.00",28/4/2010
41,2336,6,13,14,15,49,54,"$166,000,000.00",25/4/2010
41,2335,5,11,24,31,47,52,"$164,000,000.00",21/4/2010
41,2334,20,26,30,32,43,56,"$161,000,000.00",18/4/2010
41,2333,9,12,26,27,36,49,"$159,000,000.00",14/4/2010
41,2332,1,20,21,36,40,47,"$156,000,000.00",11/4/2010
41,2331,4,10,16,39,45,49,"$153,000,000.00",7/4/2010
41,2330,2,22,32,42,45,56,"$151,000,000.00",4/4/2010
41,2329,5,23,36,37,39,43,"$149,000,000.00",31/3/2010
41,2328,1,28,38,46,49,50,"$147,000,000.00",28/3/2010
41,2327,11,12,14,26,39,47,"$145,000,000.00",24/3/2010
41,2326,8,9,16,41,46,54,"$143,000,000.00",21/3/2010
41,2325,8,11,30,32,37,44,"$141,000,000.00",17/3/2010
41,2324,21,22,33,37,39,54,"$139,000,000.00",14/3/2010
41,2323,12,14,26,28,42,52,"$137,000,000.00",10/3/2010
41,2322,9,12,17,25,28,37,"$135,000,000.00",7/3/2010
41,2321,4,20,31,38,46,56,"$133,000,000.00",3/3/2010
41,2320,10,14,28,30,36,40,"$130,000,000.00",28/2/2010
41,2319,14,19,20,22,44,53,"$128,000,000.00",24/2/2010
41,2318,23,24,29,39,43,45,"$126,000,000.00",21/2/2010
41,2317,3,26,32,38,48,53,"$124,000,000.00",17/2/2010
41,2316,35,37,44,45,47,56,"$121,000,000.00",14/2/2010
41,2315,9,10,11,25,28,29,"$120,000,000.00",10/2/2010
41,2314,15,17,28,35,41,49,"$117,000,000.00",7/2/2010
41,2313,10,12,24,31,47,49,"$114,000,000.00",3/2/2010
41,2312,4,11,17,28,40,46,"$110,000,000.00",31/1/2010
41,2311,5,7,18,26,28,33,"$107,000,000.00",27/1/2010
41,2310,18,29,34,40,49,55,"$104,000,000.00",24/1/2010
41,2309,3,8,16,27,46,49,"$101,000,000.00",20/1/2010
41,2308,5,7,17,20,26,51,"$98,000,000.00",17/1/2010
41,2307,3,7,20,22,51,56,"$95,000,000.00",13/1/2010
41,2306,13,19,25,33,41,52,"$92,000,000.00",10/1/2010
41,2305,4,11,14,29,40,45,"$90,000,000.00",6/1/2010
41,2304,21,30,31,41,52,54,"$86,000,000.00",3/1/2010
41,2303,1,12,21,28,34,48,"$84,000,000.00",30/12/2009
41,2302,1,4,13,45,51,55,"$81,000,000.00",27/12/2009
41,2301,17,22,23,29,31,46,"$79,000,000.00",23/12/2009
41,2300,6,24,34,38,44,49,"$77,000,000.00",20/12/2009
41,2299,14,26,30,36,41,42,"$75,000,000.00",16/12/2009
41,2298,13,15,35,36,38,52,"$72,000,000.00",13/12/2009
41,2297,12,43,45,52,53,54,"$70,000,000.00",9/12/2009
41,2296,28,35,37,41,42,55,"$68,000,000.00",6/12/2009
41,2295,13,20,22,34,44,50,"$66,000,000.00",2/12/2009
41,2294,3,13,19,35,42,55,"$64,000,000.00",29/11/2009
41,2293,6,7,18,22,26,30,"$62,000,000.00",25/11/2009
41,2292,4,8,13,16,22,23,"$61,000,000.00",22/11/2009
41,2291,3,10,28,29,43,50,"$59,000,000.00",18/11/2009
41,2290,6,16,26,43,50,52,"$57,000,000.00",15/11/2009
41,2289,3,8,19,20,34,40,"$56,000,000.00",11/11/2009
41,2288,4,12,14,20,24,38,"$54,000,000.00",8/11/2009
41,2287,4,5,11,36,40,52,"$52,000,000.00",4/11/2009
41,2286,13,15,26,30,37,43,"$50,000,000.00",1/11/2009
41,2285,9,14,18,40,50,52,"$48,000,000.00",28/10/2009
41,2284,3,22,23,25,36,45,"$47,000,000.00",25/10/2009
41,2283,8,13,25,30,34,48,"$45,000,000.00",21/10/2009
41,2282,11,27,37,41,48,50,"$43,000,000.00",18/10/2009
41,2281,8,15,21,39,46,55,"$41,000,000.00",14/10/2009
41,2280,12,27,29,38,43,51,"$39,000,000.00",11/10/2009
41,2279,2,12,19,28,29,51,"$37,000,000.00",7/10/2009
41,2278,2,3,15,43,46,49,"$35,000,000.00",4/10/2009
41,2277,16,21,29,39,41,47,"$33,000,000.00",30/9/2009
41,2276,6,24,30,33,36,43,"$31,000,000.00",27/9/2009
41,2275,2,7,13,27,28,54,"$29,000,000.00",23/9/2009
41,2274,22,23,33,42,43,55,"$27,000,000.00",20/9/2009
41,2273,5,6,21,32,40,53,"$25,000,000.00",16/9/2009
41,2272,13,22,25,40,55,56,"$23,000,000.00",13/9/2009
41,2271,8,17,19,37,45,56,"$22,000,000.00",9/9/2009
41,2270,13,21,25,40,44,45,"$21,000,000.00",6/9/2009
41,2269,24,29,33,37,48,52,"$20,000,000.00",2/9/2009
41,2268,3,5,7,16,25,49,"$19,000,000.00",30/8/2009
41,2267,4,5,7,16,23,44,"$18,000,000.00",26/8/2009
41,2266,12,13,19,25,41,52,"$17,000,000.00",23/8/2009
41,2265,10,26,29,35,42,53,"$16,000,000.00",19/8/2009
41,2264,1,14,33,45,49,55,"$15,000,000.00",16/8/2009
41,2263,4,7,42,46,51,55,"$14,000,000.00",12/8/2009
41,2262,3,12,30,33,34,53,"$13,000,000.00",9/8/2009
41,2261,3,6,15,17,18,42,"$12,000,000.00",5/8/2009
41,2260,2,9,22,25,27,31,"$11,000,000.00",2/8/2009
41,2259,7,9,16,33,44,47,"$10,000,000.00",29/7/2009
41,2258,6,14,25,26,34,35,"$85,000,000.00",26/7/2009
41,2257,15,29,36,42,46,49,"$82,000,000.00",22/7/2009
41,2256,2,17,30,40,48,51,"$79,000,000.00",19/7/2009
41,2255,1,9,22,23,33,48,"$76,000,000.00",15/7/2009
41,2254,17,25,31,36,42,43,"$74,000,000.00",12/7/2009
41,2253,11,16,24,28,29,36,"$72,000,000.00",8/7/2009
41,2252,6,15,17,40,43,46,"$68,000,000.00",5/7/2009
41,2251,6,15,38,41,55,56,"$66,000,000.00",1/7/2009
41,2250,4,8,16,29,42,51,"$64,000,000.00",28/6/2009
41,2249,29,31,37,45,46,47,"$61,000,000.00",24/6/2009
41,2248,16,22,29,34,37,52,"$59,000,000.00",21/6/2009
41,2247,14,15,39,40,47,52,"$57,000,000.00",17/6/2009
41,2246,8,16,21,27,48,56,"$55,000,000.00",14/6/2009
41,2245,23,27,29,39,51,55,"$53,000,000.00",10/6/2009
41,2244,1,26,34,46,55,56,"$50,000,000.00",7/6/2009
41,2243,9,15,32,33,47,54,"$48,000,000.00",3/6/2009
41,2242,3,10,16,19,45,49,"$46,000,000.00",31/5/2009
41,2241,6,14,39,44,47,54,"$44,000,000.00",27/5/2009
41,2240,2,6,27,30,47,55,"$43,000,000.00",24/5/2009
41,2239,7,22,28,33,39,40,"$41,000,000.00",20/5/2009
41,2238,6,16,21,26,50,55,"$39,000,000.00",17/5/2009
41,2237,1,16,17,22,24,51,"$37,000,000.00",13/5/2009
41,2236,2,30,35,39,43,52,"$35,000,000.00",10/5/2009
41,2235,4,8,28,35,36,48,"$32,000,000.00",6/5/2009
41,2234,2,9,15,17,51,53,"$0.00",3/5/2009
41,2233,1,20,21,49,52,55,"$26,000,000.00",29/4/2009
41,2232,14,19,26,39,48,50,"$23,000,000.00",26/4/2009
41,2231,15,33,40,43,53,56,"$20,000,000.00",22/4/2009
41,2230,10,11,28,33,42,56,"$18,000,000.00",19/4/2009
41,2229,1,31,38,39,49,52,"$17,000,000.00",15/4/2009
41,2228,1,2,14,18,19,37,"$16,000,000.00",12/4/2009
41,2227,2,15,20,25,31,52,"$15,000,000.00",8/4/2009
41,2226,8,21,26,29,36,46,"$14,000,000.00",5/4/2009
41,2225,1,4,5,12,14,27,"$13,000,000.00",1/4/2009
41,2224,3,25,31,35,43,54,"$12,000,000.00",29/3/2009
41,2223,1,13,30,36,55,56,"$11,000,000.00",25/3/2009
41,2222,11,17,22,33,36,44,"$10,000,000.00",22/3/2009
41,2221,7,31,32,34,39,46,"$15,000,000.00",18/3/2009
41,2220,2,10,11,28,36,55,"$14,000,000.00",15/3/2009
41,2219,4,9,27,32,35,55,"$13,000,000.00",11/3/2009
41,2218,6,7,21,25,36,49,"$12,000,000.00",8/3/2009
41,2217,1,5,25,28,49,53,"$11,000,000.00",4/3/2009
41,2216,17,24,25,26,33,38,"$10,000,000.00",1/3/2009
41,2215,9,10,34,35,44,53,"$11,000,000.00",25/2/2009
41,2214,7,13,14,15,29,44,"$10,000,000.00",22/2/2009
41,2213,8,16,19,23,34,40,"$20,000,000.00",18/2/2009
41,2212,7,14,19,42,48,53,"$19,000,000.00",15/2/2009
41,2211,10,12,23,31,32,34,"$18,000,000.00",11/2/2009
41,2210,2,10,13,17,22,26,"$17,000,000.00",8/2/2009
41,2209,6,11,13,24,30,41,"$16,000,000.00",4/2/2009
41,2208,2,4,6,14,45,54,"$15,000,000.00",1/2/2009
41,2207,3,12,21,25,42,44,"$14,000,000.00",28/1/2009
41,2206,4,5,6,33,36,46,"$13,000,000.00",25/1/2009
41,2205,4,12,15,23,41,42,"$12,000,000.00",21/1/2009
41,2204,17,20,21,23,30,38,"$11,000,000.00",18/1/2009
41,2203,9,13,27,39,40,51,"$10,000,000.00",14/1/2009
41,2202,4,6,24,38,39,49,"$12,000,000.00",11/1/2009
41,2201,15,17,26,29,42,54,"$11,000,000.00",7/1/2009
41,2200,6,28,33,42,44,49,"$10,000,000.00",4/1/2009
41,2199,2,5,10,36,43,56,"$37,000,000.00",31/12/2008
41,2198,3,31,33,43,47,50,"$33,000,000.00",28/12/2008
41,2197,1,7,10,21,32,45,"$30,000,000.00",24/12/2008
41,2196,3,9,22,47,52,56,"$26,000,000.00",21/12/2008
41,2195,20,35,40,41,48,52,"$22,000,000.00",17/12/2008
41,2194,18,25,27,29,41,45,"$18,000,000.00",14/12/2008
41,2193,10,24,35,37,46,50,"$16,000,000.00",10/12/2008
41,2192,1,7,15,27,29,39,"$15,000,000.00",7/12/2008
41,2191,10,17,32,35,37,43,"$14,000,000.00",3/12/2008
41,2190,2,6,9,44,53,54,"$13,000,000.00",30/11/2008
41,2189,7,22,32,45,50,55,"$12,000,000.00",26/11/2008
41,2188,2,20,23,43,46,54,"$11,000,000.00",23/11/2008
41,2187,6,8,11,23,32,36,"$10,000,000.00",19/11/2008
41,2186,8,10,11,16,32,53,"$20,000,000.00",16/11/2008
41,2185,4,10,15,34,36,37,"$19,000,000.00",12/11/2008
41,2184,7,19,38,50,51,52,"$18,000,000.00",9/11/2008
41,2183,5,21,30,38,42,50,"$17,000,000.00",5/11/2008
41,2182,5,10,12,29,37,51,"$16,000,000.00",2/11/2008
41,2181,4,8,23,32,50,52,"$15,000,000.00",29/10/2008
41,2180,4,10,17,22,31,55,"$14,000,000.00",26/10/2008
41,2179,24,25,26,29,37,41,"$13,000,000.00",22/10/2008
41,2178,13,17,27,40,47,56,"$12,000,000.00",19/10/2008
41,2177,8,20,23,34,41,55,"$11,000,000.00",15/10/2008
41,2176,3,15,19,36,43,51,"$10,000,000.00",12/10/2008
41,2175,6,8,27,30,46,48,"$36,000,000.00",8/10/2008
41,2174,7,17,21,30,32,50,"$34,000,000.00",5/10/2008
41,2173,11,15,18,30,39,54,"$33,000,000.00",1/10/2008
41,2172,12,26,32,35,37,43,"$31,000,000.00",28/9/2008
41,2171,7,31,33,34,48,50,"$30,000,000.00",24/9/2008
41,2170,1,12,28,29,43,50,"$28,000,000.00",21/9/2008
41,2169,33,37,47,51,53,54,"$26,000,000.00",17/9/2008
41,2168,5,6,39,46,48,54,"$24,000,000.00",14/9/2008
41,2167,8,26,32,35,37,50,"$23,000,000.00",10/9/2008
41,2166,12,13,15,37,50,56,"$21,000,000.00",7/9/2008
41,2165,1,3,24,28,45,46,"$20,000,000.00",3/9/2008
41,2164,6,20,35,41,43,48,"$19,000,000.00",31/8/2008
41,2163,7,14,28,31,36,56,"$18,000,000.00",27/8/2008
41,2162,40,48,50,51,53,55,"$17,000,000.00",24/8/2008
41,2161,3,7,9,15,38,48,"$16,000,000.00",20/8/2008
41,2160,21,27,29,31,42,53,"$15,000,000.00",17/8/2008
41,2159,8,11,12,24,32,42,"$14,000,000.00",13/8/2008
41,2158,1,7,16,17,19,41,"$13,000,000.00",10/8/2008
41,2157,1,7,8,29,47,48,"$12,000,000.00",6/8/2008
41,2156,14,23,25,30,39,41,"$11,000,000.00",3/8/2008
41,2155,5,11,23,28,37,41,"$10,000,000.00",30/7/2008
41,2154,23,26,43,49,53,54,"$17,000,000.00",27/7/2008
41,2153,18,20,28,30,40,53,"$16,000,000.00",23/7/2008
41,2152,25,32,38,45,50,52,"$15,000,000.00",20/7/2008
41,2151,10,23,32,39,41,54,"$14,000,000.00",16/7/2008
41,2150,10,14,15,25,28,48,"$13,000,000.00",13/7/2008
41,2149,32,42,45,46,51,55,"$12,000,000.00",9/7/2008
41,2148,10,19,32,45,46,49,"$11,000,000.00",6/7/2008
41,2147,11,14,23,34,44,56,"$10,000,000.00",2/7/2008
41,2146,7,24,25,26,51,55,"$31,000,000.00",29/6/2008
41,2145,8,10,19,30,35,45,"$30,000,000.00",25/6/2008
41,2144,4,7,23,33,42,45,"$28,000,000.00",22/6/2008
41,2143,30,34,36,47,52,53,"$26,000,000.00",18/6/2008
41,2142,3,6,20,28,52,53,"$0.00",15/6/2008
41,2141,2,4,7,19,39,52,"$22,000,000.00",11/6/2008
41,2140,1,11,23,38,41,44,"$20,000,000.00",8/6/2008
41,2139,3,20,33,34,44,48,"$19,000,000.00",4/6/2008
41,2138,5,6,22,42,45,52,"$18,000,000.00",1/6/2008
41,2137,5,18,19,21,40,41,"$17,000,000.00",28/5/2008
41,2136,4,6,8,10,23,44,"$16,000,000.00",25/5/2008
41,2135,1,5,36,40,41,47,"$15,000,000.00",21/5/2008
41,2134,16,19,20,24,27,47,"$14,000,000.00",18/5/2008
41,2133,12,13,17,23,24,30,"$13,000,000.00",14/5/2008
41,2132,25,29,37,38,39,55,"$12,000,000.00",11/5/2008
41,2131,4,6,13,38,49,50,"$11,000,000.00",7/5/2008
41,2130,21,23,32,35,37,51,"$10,000,000.00",4/5/2008
41,2129,7,9,20,22,35,48,"$50,000,000.00",30/4/2008
41,2128,6,25,32,34,41,56,"$48,000,000.00",27/4/2008
41,2127,6,25,27,35,51,55,"$46,000,000.00",23/4/2008
41,2126,12,13,28,35,52,54,"$43,000,000.00",20/4/2008
41,2125,18,26,29,31,34,46,"$42,000,000.00",16/4/2008
41,2124,4,11,22,36,41,50,"$41,000,000.00",13/4/2008
41,2123,1,4,24,27,38,41,"$38,000,000.00",9/4/2008
41,2122,16,31,32,35,39,49,"$36,000,000.00",6/4/2008
41,2121,19,21,26,31,37,52,"$34,000,000.00",2/4/2008
41,2120,8,10,12,28,37,56,"$0.00",30/3/2008
41,2119,9,27,30,37,38,45,"$31,000,000.00",26/3/2008
41,2118,4,13,14,34,35,41,"$30,000,000.00",23/3/2008
41,2117,2,18,19,22,24,28,"$29,000,000.00",19/3/2008
41,2116,5,34,43,45,49,52,"$26,000,000.00",16/3/2008
41,2115,6,17,19,20,26,37,"$24,000,000.00",12/3/2008
41,2114,3,16,27,33,34,43,"$21,000,000.00",9/3/2008
41,2113,9,12,21,22,37,46,"$19,000,000.00",5/3/2008
41,2112,16,19,37,42,43,50,"$17,000,000.00",2/3/2008
41,2111,24,30,32,47,50,51,"$16,000,000.00",27/2/2008
41,2110,7,26,30,33,40,42,"$15,000,000.00",24/2/2008
41,2109,4,10,12,24,27,33,"$14,000,000.00",20/2/2008
41,2108,9,10,11,33,50,55,"$13,000,000.00",17/2/2008
41,2107,4,22,23,27,28,33,"$12,000,000.00",13/2/2008
41,2106,19,26,28,32,48,49,"$11,000,000.00",10/2/2008
41,2105,11,20,21,23,45,49,"$10,000,000.00",6/2/2008
41,2104,10,16,21,25,36,43,"$51,000,000.00",3/2/2008
41,2103,2,19,27,29,43,51,"$48,000,000.00",30/1/2008
41,2102,12,22,24,25,29,53,"$47,000,000.00",27/1/2008
41,2101,3,15,18,24,28,38,"$45,000,000.00",23/1/2008
41,2100,9,21,28,36,38,53,"$43,000,000.00",20/1/2008
41,2099,23,40,48,51,53,55,"$41,000,000.00",16/1/2008
41,2098,4,9,22,33,38,45,"$39,000,000.00",13/1/2008
41,2097,4,5,28,32,40,44,"$38,000,000.00",9/1/2008
41,2096,7,15,27,31,32,56,"$37,000,000.00",6/1/2008
41,2095,4,7,13,30,40,54,"$36,000,000.00",2/1/2008
41,2094,4,18,23,31,41,44,"$34,000,000.00",30/12/2007
41,2093,5,39,42,43,44,48,"$32,000,000.00",26/12/2007
41,2092,8,12,31,33,46,55,"$29,000,000.00",23/12/2007
41,2091,8,21,33,35,41,44,"$28,000,000.00",19/12/2007
41,2090,2,4,25,33,44,50,"$26,000,000.00",16/12/2007
41,2089,18,22,39,42,44,56,"$25,000,000.00",12/12/2007
41,2088,4,8,24,29,36,40,"$23,000,000.00",9/12/2007
41,2087,1,5,12,21,31,35,"$19,000,000.00",5/12/2007
41,2086,2,7,9,34,42,43,"$17,000,000.00",2/12/2007
41,2085,7,17,33,40,46,47,"$15,000,000.00",28/11/2007
41,2084,4,16,24,28,37,51,"$14,000,000.00",25/11/2007
41,2083,1,2,6,18,20,44,"$11,000,000.00",21/11/2007
41,2082,3,11,22,33,37,40,"$8,000,000.00",18/11/2007
41,2081,4,14,32,34,35,50,"$7,000,000.00",14/11/2007
41,2080,12,17,24,29,31,36,"$6,000,000.00",11/11/2007
41,2079,5,19,24,30,35,44,"$29,000,000.00",7/11/2007
41,2078,9,11,14,34,39,42,"$27,000,000.00",4/11/2007
41,2077,9,13,19,34,39,40,"$24,000,000.00",31/10/2007
41,2076,2,12,22,23,29,44,"$21,000,000.00",28/10/2007
41,2075,7,10,14,39,40,48,"$18,000,000.00",24/10/2007
41,2074,2,8,11,14,43,48,"$16,000,000.00",21/10/2007
41,2073,8,9,23,38,50,51,"$14,000,000.00",17/10/2007
41,2072,3,4,32,33,39,51,"$11,000,000.00",14/10/2007
41,2071,18,21,25,30,34,43,"$10,000,000.00",10/10/2007
41,2070,5,8,13,18,30,32,"$9,000,000.00",7/10/2007
41,2069,14,36,37,42,43,48,"$8,000,000.00",3/10/2007
41,2068,5,12,17,19,37,41,"$7,000,000.00",30/9/2007
41,2067,3,9,13,17,25,27,"$6,000,000.00",26/9/2007
41,2066,29,33,34,35,41,50,"$25,000,000.00",23/9/2007
41,2065,15,20,27,40,42,43,"$23,000,000.00",19/9/2007
41,2064,5,11,12,20,29,31,"$21,000,000.00",16/9/2007
41,2063,6,7,13,20,23,48,"$19,000,000.00",12/9/2007
41,2062,6,9,15,24,39,40,"$17,000,000.00",9/9/2007
41,2061,19,20,35,41,44,46,"$15,000,000.00",5/9/2007
41,2060,12,13,19,35,39,41,"$13,000,000.00",2/9/2007
41,2059,6,18,22,24,32,46,"$11,000,000.00",29/8/2007
41,2058,3,4,13,18,21,26,"$10,000,000.00",26/8/2007
41,2057,10,31,33,34,38,47,"$9,000,000.00",22/8/2007
41,2056,9,16,25,27,39,45,"$8,000,000.00",19/8/2007
41,2055,23,24,27,46,48,51,"$7,000,000.00",15/8/2007
41,2054,14,24,35,38,39,48,"$6,000,000.00",12/8/2007
41,2053,16,17,18,19,24,47,"$10,000,000.00",8/8/2007
41,2052,5,8,10,20,32,35,"$9,000,000.00",5/8/2007
41,2051,6,16,26,35,38,48,"$8,000,000.00",1/8/2007
41,2050,4,13,26,35,37,50,"$7,000,000.00",29/7/2007
41,2049,5,7,10,16,24,38,"$6,000,000.00",25/7/2007
41,2048,3,14,29,34,36,47,"$6,000,000.00",22/7/2007
41,2047,5,17,27,37,39,45,"$7,000,000.00",18/7/2007
41,2046,7,12,13,24,38,41,"$6,000,000.00",15/7/2007
41,2045,10,13,29,34,38,49,"$24,000,000.00",11/7/2007
41,2044,14,17,28,44,48,51,"$21,000,000.00",8/7/2007
41,2043,11,14,38,43,44,45,"$18,000,000.00",4/7/2007
41,2042,9,19,21,24,27,43,"$16,000,000.00",1/7/2007
41,2041,2,34,38,47,49,50,"$14,000,000.00",27/6/2007
41,2040,7,23,28,33,38,44,"$12,000,000.00",24/6/2007
41,2039,7,9,23,36,42,50,"$10,000,000.00",20/6/2007
41,2038,3,13,14,25,49,50,"$8,000,000.00",17/6/2007
41,2037,3,17,20,25,32,44,"$7,000,000.00",13/6/2007
41,2036,16,17,32,36,38,48,"$6,000,000.00",10/6/2007
41,2035,5,7,11,19,31,49,"$103,000,000.00",6/6/2007
41,2034,1,9,23,24,34,37,"$99,000,000.00",3/6/2007
41,2033,14,18,21,29,34,50,"$95,000,000.00",30/5/2007
41,2032,4,9,22,24,28,32,"$83,000,000.00",27/5/2007
41,2031,6,12,21,23,27,33,"$77,000,000.00",23/5/2007
41,2030,22,31,36,39,43,51,"$67,000,000.00",20/5/2007
41,2029,2,4,15,30,31,41,"$58,000,000.00",16/5/2007
41,2028,2,13,21,32,41,45,"$51,000,000.00",13/5/2007
41,2027,4,23,24,34,38,44,"$46,000,000.00",9/5/2007
41,2026,1,12,27,35,43,50,"$0.00",6/5/2007
41,2025,10,19,21,28,37,38,"$35,000,000.00",2/5/2007
41,2024,1,3,9,29,30,41,"$30,000,000.00",29/4/2007
41,2023,28,34,38,42,46,47,"$26,000,000.00",25/4/2007
41,2022,3,20,22,23,40,41,"$22,000,000.00",22/4/2007
41,2021,1,22,26,33,47,51,"$19,000,000.00",18/4/2007
41,2020,9,17,45,46,48,49,"$14,000,000.00",15/4/2007
41,2019,18,28,39,41,45,46,"$11,000,000.00",11/4/2007
41,2018,16,19,32,37,44,49,"$9,000,000.00",8/4/2007
41,2017,6,8,17,23,26,47,"$8,000,000.00",4/4/2007
41,2016,1,3,6,13,26,34,"$7,000,000.00",1/4/2007
41,2015,9,12,26,28,35,42,"$6,000,000.00",28/3/2007
41,2014,3,7,30,39,42,50,"$9,000,000.00",25/3/2007
41,2013,4,30,35,45,50,51,"$8,000,000.00",21/3/2007
41,2012,2,23,41,43,44,49,"$7,000,000.00",18/3/2007
41,2011,7,9,19,29,34,40,"$6,000,000.00",14/3/2007
41,2010,1,21,28,35,43,46,"$26,000,000.00",11/3/2007
41,2009,5,24,33,35,45,49,"$24,000,000.00",7/3/2007
41,2008,7,10,12,16,20,35,"$22,000,000.00",4/3/2007
41,2007,9,12,15,18,21,44,"$20,000,000.00",28/2/2007
41,2006,6,9,22,31,33,38,"$18,000,000.00",25/2/2007
41,2005,10,18,23,26,31,39,"$17,000,000.00",21/2/2007
41,2004,9,13,15,32,41,50,"$15,000,000.00",18/2/2007
41,2003,16,20,21,27,29,39,"$13,000,000.00",14/2/2007
41,2002,8,15,21,25,26,43,"$11,000,000.00",11/2/2007
41,2001,1,20,28,35,42,44,"$10,000,000.00",7/2/2007
41,2000,8,22,26,28,31,48,"$9,000,000.00",4/2/2007
41,1999,4,13,15,19,29,41,"$8,000,000.00",31/1/2007
41,1998,25,33,36,40,43,51,"$7,000,000.00",28/1/2007
41,1997,4,5,12,23,27,39,"$6,000,000.00",24/1/2007
41,1996,1,12,18,24,26,38,"$6,000,000.00",21/1/2007
41,1995,4,6,7,8,9,21,"$6,000,000.00",17/1/2007
41,1994,4,6,24,31,32,43,"$7,000,000.00",14/1/2007
41,1993,10,14,22,26,33,36,"$6,000,000.00",10/1/2007
41,1992,27,30,34,44,48,51,"$11,000,000.00",7/1/2007
41,1991,3,4,10,15,35,46,"$10,000,000.00",3/1/2007
41,1990,3,13,18,24,26,50,"$9,000,000.00",31/12/2006
41,1989,1,8,17,27,28,50,"$0.00",27/12/2006
41,1988,4,10,13,20,32,38,"$7,000,000.00",24/12/2006
41,1987,5,11,17,22,42,50,"$6,000,000.00",20/12/2006
41,1986,1,3,7,29,35,37,"$8,000,000.00",17/12/2006
41,1985,2,12,13,14,26,38,"$7,000,000.00",13/12/2006
41,1984,10,26,28,29,37,38,"$6,000,000.00",10/12/2006
41,1983,2,17,33,38,42,50,"$8,000,000.00",6/12/2006
41,1982,4,8,22,38,40,44,"$7,000,000.00",3/12/2006
41,1981,7,10,13,25,31,45,"$6,000,000.00",29/11/2006
41,1980,2,8,13,39,49,50,"$17,000,000.00",26/11/2006
41,1979,10,22,24,43,45,47,"$15,000,000.00",22/11/2006
41,1978,4,8,10,16,43,46,"$14,000.00",19/11/2006
41,1977,7,10,12,27,42,43,"$13,000,000.00",15/11/2006
41,1976,22,36,37,43,48,50,"$11,000,000.00",12/11/2006
41,1975,1,10,11,19,29,41,"$10,000,000.00",8/11/2006
41,1974,1,5,26,36,43,49,"$9,000,000.00",5/11/2006
41,1973,13,31,32,38,42,44,"$8,000,000.00",1/11/2006
41,1972,7,8,13,26,32,36,"$7,000,000.00",29/10/2006
41,1971,1,19,20,34,41,51,"$6,000,000.00",25/10/2006
41,1970,10,16,20,22,23,35,"$12,000,000.00",22/10/2006
41,1969,3,5,9,26,39,40,"$10,000,000.00",18/10/2006
41,1968,1,2,6,32,43,45,"$9,000,000.00",15/10/2006
41,1967,12,20,22,23,35,40,"$8,000,000.00",11/10/2006
41,1966,2,3,15,24,31,38,"$7,000,000.00",8/10/2006
41,1965,2,9,10,21,38,39,"$6,000,000.00",4/10/2006
41,1964,1,15,16,26,39,50,"$86,000,000.00",1/10/2006
41,1963,5,11,14,38,40,41,"$81,000,000.00",27/9/2006
41,1962,4,8,28,43,45,49,"$77,000,000.00",24/9/2006
41,1961,1,16,42,46,47,51,"$73,000,000.00",20/9/2006
41,1960,3,9,10,15,34,43,"$70,000,000.00",17/9/2006
41,1959,6,16,19,23,27,49,"$67,000,000.00",13/9/2006
41,1958,8,12,13,33,34,35,"$64,000,000.00",10/9/2006
41,1957,3,5,15,30,45,49,"$61,000,000.00",6/9/2006
41,1956,7,8,23,26,27,36,"$58,000,000.00",3/9/2006
41,1955,16,19,24,31,33,46,"$56,000,000.00",30/8/2006
41,1954,9,15,21,23,31,34,"$53,000,000.00",27/8/2006
41,1953,2,11,19,34,50,51,"$51,000,000.00",23/8/2006
41,1952,3,7,9,24,32,49,"$49,000,000.00",20/8/2006
41,1951,1,6,43,45,49,51,"$47,000,000.00",16/8/2006
41,1950,8,16,18,20,39,51,"$45,000,000.00",13/8/2006
41,1949,1,22,27,30,36,48,"$43,000,000.00",9/8/2006
41,1948,4,10,17,25,33,40,"$41,000,000.00",6/8/2006
41,1947,12,24,25,29,40,43,"$39,000,000.00",2/8/2006
41,1946,4,16,23,26,32,51,"$38,000,000.00",30/7/2006
41,1945,1,5,15,29,43,44,"$36,000,000.00",26/7/2006
41,1944,11,19,21,25,29,36,"$33,000,000.00",23/7/2006
41,1943,12,13,19,34,46,51,"$31,000,000.00",19/7/2006
41,1942,11,25,27,39,43,50,"$29,000,000.00",16/7/2006
41,1941,8,36,37,42,43,46,"$27,000,000.00",12/7/2006
41,1940,18,27,30,39,40,51,"$25,000,000.00",9/7/2006
41,1939,5,23,30,38,42,45,"$23,000,000.00",5/7/2006
41,1938,7,11,14,47,49,50,"$21,000,000.00",2/7/2006
41,1937,27,31,43,46,48,49,"$20,000,000.00",28/6/2006
41,1936,7,9,11,16,32,43,"$18,000,000.00",25/6/2006
41,1935,14,22,34,35,36,44,"$17,000,000.00",21/6/2006
41,1934,1,27,33,36,41,49,"$15,000,000.00",18/6/2006
41,1933,4,18,31,37,50,51,"$14,000,000.00",14/6/2006
41,1932,2,5,19,20,28,51,"$13,000,000.00",11/6/2006
41,1931,3,8,16,26,36,45,"$12,000,000.00",7/6/2006
41,1930,13,22,35,41,44,49,"$11,000,000.00",4/6/2006
41,1929,11,16,20,31,48,49,"$10,000,000.00",31/5/2006
41,1928,3,5,9,37,47,48,"$9,000,000.00",28/5/2006
41,1927,5,6,18,25,37,49,"$8,000,000.00",24/5/2006
41,1926,3,14,21,28,40,47,"$7,000,000.00",21/5/2006
41,1925,5,9,34,37,42,48,"$6,000,000.00",17/5/2006
41,1924,9,15,30,37,46,50,"$36,000,000.00",14/5/2006
41,1923,9,11,13,19,35,47,"$34,000,000.00",10/5/2006
41,1922,2,17,26,34,35,49,"$31,000,000.00",7/5/2006
41,1921,9,21,22,47,49,50,"$28,000,000.00",3/5/2006
41,1920,3,9,12,32,47,49,"$26,000,000.00",30/4/2006
41,1919,3,19,20,23,38,40,"$24,000,000.00",26/4/2006
41,1918,2,3,14,19,24,37,"$22,000,000.00",23/4/2006
41,1917,4,21,23,24,39,49,"$20,000,000.00",19/4/2006
41,1916,14,17,30,33,47,49,"$18,000,000.00",16/4/2006
41,1915,4,7,11,37,38,49,"$16,000,000.00",12/4/2006
41,1914,1,7,17,18,23,31,"$15,000,000.00",9/4/2006
41,1913,9,19,25,30,34,43,"$14,000,000.00",5/4/2006
41,1912,13,14,19,22,23,51,"$13,000,000.00",2/4/2006
41,1911,6,8,28,32,36,38,"$12,000,000.00",29/3/2006
41,1910,7,18,29,42,46,50,"$11,000,000.00",26/3/2006
41,1909,3,17,23,27,37,51,"$10,000,000.00",22/3/2006
41,1908,6,7,21,24,33,43,"$9,000,000.00",19/3/2006
41,1907,3,18,26,31,41,43,"$8,000,000.00",15/3/2006
41,1906,10,13,16,21,39,42,"$7,000,000.00",12/3/2006
41,1905,3,7,11,17,20,25,"$6,000,000.00",8/3/2006
41,1904,1,16,23,27,30,42,"$11,000,000.00",5/3/2006
41,1903,1,15,17,32,36,48,"$10,000,000.00",1/3/2006
41,1902,5,26,28,30,40,43,"$9,000,000.00",26/2/2006
41,1901,1,21,22,30,46,48,"$8,000,000.00",22/2/2006
41,1900,4,13,26,34,37,42,"$7,000,000.00",19/2/2006
41,1899,1,11,15,20,31,42,"$6,000,000.00",15/2/2006
41,1898,2,6,16,20,22,34,"$63,000,000.00",12/2/2006
41,1897,1,10,19,22,26,51,"$58,000,000.00",8/2/2006
41,1896,7,10,21,28,37,39,"$54,000,000.00",5/2/2006
41,1895,7,17,27,30,35,50,"$49,000,000.00",1/2/2006
41,1894,2,10,17,24,36,41,"$44,000,000.00",29/1/2006
41,1893,15,19,20,31,41,47,"$41,000,000.00",25/1/2006
41,1892,9,10,11,18,31,35,"$38,000,000.00",22/1/2006
41,1891,7,8,12,19,24,48,"$35,000,000.00",18/1/2006
41,1890,9,10,30,34,40,51,"$31,000,000.00",15/1/2006
41,1889,2,13,22,28,34,40,"$29,000,000.00",11/1/2006
41,1888,2,4,13,29,33,37,"$26,000,000.00",8/1/2006
41,1887,5,9,14,15,26,44,"$24,000,000.00",4/1/2006
41,1886,2,13,17,38,44,46,"$22,000,000.00",1/1/2006
41,1885,13,16,21,37,40,46,"$20,000,000.00",28/12/2005
41,1884,6,33,36,41,47,50,"$18,000,000.00",25/12/2005
41,1883,3,16,23,28,40,51,"$17,000,000.00",21/12/2005
41,1882,4,8,14,17,30,33,"$16,000,000.00",18/12/2005
41,1881,24,26,27,29,34,50,"$14,000,000.00",14/12/2005
41,1880,11,28,32,34,39,42,"$13,000,000.00",11/12/2005
41,1879,1,11,20,21,23,49,"$12,000,000.00",7/12/2005
41,1878,7,12,15,18,35,45,"$11,000,000.00",4/12/2005
41,1877,10,12,30,35,44,45,"$10,000,000.00",30/11/2005
41,1876,17,24,33,35,38,44,"$9,000,000.00",27/11/2005
41,1875,2,9,22,28,33,40,"$8,000,000.00",23/11/2005
41,1874,1,5,7,10,16,19,"$7,000,000.00",20/11/2005
41,1873,2,9,21,28,37,45,"$6,000,000.00",16/11/2005
41,1872,4,6,25,31,38,46,"$5,000,000.00",13/11/2005
41,1871,7,10,16,18,19,23,"$4,000,000.00",9/11/2005
41,1870,10,16,17,33,39,41,"$15,000,000.00",6/11/2005
41,1869,2,18,23,27,32,38,"$14,000,000.00",2/11/2005
41,1868,20,32,33,42,43,44,"$13,000,000.00",30/10/2005
41,1867,1,10,11,18,42,44,"$12,000,000.00",26/10/2005
41,1866,1,9,11,18,45,46,"$11,000,000.00",23/10/2005
41,1865,7,9,16,29,35,42,"$10,000,000.00",19/10/2005
41,1864,9,10,24,37,42,46,"$9,000,000.00",16/10/2005
41,1863,9,25,37,43,45,46,"$8,000,000.00",12/10/2005
41,1862,13,23,35,36,42,43,"$7,000,000.00",9/10/2005
41,1861,3,20,27,30,32,37,"$6,000,000.00",5/10/2005
41,1860,25,26,27,34,43,45,"$5,000,000.00",2/10/2005
41,1859,5,10,18,20,33,42,"$4,000,000.00",28/9/2005
41,1858,1,8,10,15,37,41,"$53,000,000.00",25/9/2005
41,1857,3,12,32,40,45,46,"$51,000,000.00",21/9/2005
41,1856,4,15,22,31,33,39,"$49,000,000.00",18/9/2005
41,1855,4,6,7,23,28,34,"$47,000,000.00",14/9/2005
41,1854,3,26,29,30,32,41,"$45,000,000.00",11/9/2005
41,1853,1,8,9,16,21,29,"$43,000,000.00",7/9/2005
41,1852,2,7,8,36,41,43,"$41,000,000.00",4/9/2005
41,1851,7,19,21,22,37,40,"$40,000,000.00",31/8/2005
41,1850,6,19,29,32,42,47,"$39,000,000.00",28/8/2005
41,1849,1,2,17,23,34,41,"$36,000,000.00",24/8/2005
41,1848,8,11,13,15,17,34,"$33,000,000.00",21/8/2005
41,1847,16,20,24,28,43,44,"$30,000,000.00",17/8/2005
41,1846,10,19,21,29,41,45,"$28,000,000.00",14/8/2005
41,1845,23,26,27,28,30,38,"$27,000,000.00",10/8/2005
41,1844,11,13,14,32,37,43,"$25,000,000.00",7/8/2005
41,1843,4,6,9,17,36,39,"$24,000,000.00",3/8/2005
41,1842,16,19,29,30,38,44,"$22,000,000.00",31/7/2005
41,1841,17,20,29,32,37,46,"$21,000,000.00",27/7/2005
41,1840,9,10,20,23,37,43,"$20,000,000.00",24/7/2005
41,1839,14,30,34,36,41,43,"$19,000,000.00",20/7/2005
41,1838,2,13,16,20,24,46,"$18,000,000.00",17/7/2005
41,1837,2,10,15,20,31,46,"$17,000,000.00",13/7/2005
41,1836,4,7,15,30,34,45,"$16,000,000.00",10/7/2005
41,1835,14,18,26,42,43,47,"$15,000,000.00",6/7/2005
41,1834,4,11,12,19,38,41,"$14,000,000.00",3/7/2005
41,1833,4,16,29,34,42,43,"$13,000,000.00",29/6/2005
41,1832,3,13,19,25,31,36,"$12,000,000.00",26/6/2005
41,1831,1,2,3,11,16,29,"$11,000,000.00",22/6/2005
41,1830,5,8,15,25,35,37,"$10,000,000.00",19/6/2005
41,1829,7,8,17,32,33,38,"$9,000,000.00",15/6/2005
41,1828,3,15,33,39,44,45,"$8,000,000.00",12/6/2005
41,1827,6,22,34,35,42,43,"$7,000,000.00",8/6/2005
41,1826,6,7,9,17,18,44,"$6,000,000.00",5/6/2005
41,1825,11,18,19,22,40,47,"$5,000,000.00",1/6/2005
41,1824,8,12,25,42,45,47,"$4,000,000.00",29/5/2005
41,1823,4,17,30,35,36,45,"$8,000,000.00",25/5/2005
41,1822,7,9,12,35,39,44,"$7,000,000.00",22/5/2005
41,1821,2,12,13,33,45,46,"$6,000,000.00",18/5/2005
41,1820,10,15,20,24,35,44,"$5,000,000.00",15/5/2005
41,1819,1,11,16,25,30,31,"$4,000,000.00",11/5/2005
41,1818,2,11,19,25,28,36,"$14,000,000.00",8/5/2005
41,1817,10,14,21,22,42,44,"$13,000,000.00",4/5/2005
41,1816,18,29,32,40,42,43,"$12,000,000.00",1/5/2005
41,1815,2,4,9,18,23,37,"$11,000,000.00",27/4/2005
41,1814,4,10,14,36,45,47,"$10,000,000.00",24/4/2005
41,1813,1,5,21,28,43,46,"$9,000,000.00",20/4/2005
41,1812,5,6,11,16,34,38,"$8,000,000.00",17/4/2005
41,1811,12,13,37,39,41,47,"$7,000,000.00",13/4/2005
41,1810,4,6,28,33,38,44,"$6,000,000.00",10/4/2005
41,1809,23,25,36,38,43,47,"$5,000,000.00",6/4/2005
41,1808,3,10,14,23,26,37,"$4,000,000.00",3/4/2005
41,1807,5,11,27,38,39,44,"$5,000,000.00",30/3/2005
41,1806,3,7,11,14,21,24,"$4,000,000.00",27/3/2005
41,1805,3,5,16,36,40,47,"$5,000,000.00",23/3/2005
41,1804,5,21,30,35,40,47,"$4,000,000.00",20/3/2005
41,1803,3,11,23,31,32,47,"$21,000,000.00",16/3/2005
41,1802,4,14,17,24,46,47,"$20,000,000.00",13/3/2005
41,1801,27,29,31,32,34,43,"$19,000,000.00",9/3/2005
41,1800,19,25,31,37,43,44,"$18,000,000.00",6/3/2005
41,1799,1,15,27,29,34,35,"$16,000,000.00",2/3/2005
41,1798,4,9,15,18,40,45,"$14,000,000.00",27/2/2005
41,1797,11,29,33,36,39,45,"$12,000,000.00",23/2/2005
41,1796,19,28,32,36,37,39,"$11,000,000.00",20/2/2005
41,1795,13,20,22,28,29,34,"$10,000,000.00",16/2/2005
41,1794,4,14,15,23,37,44,"$9,000,000.00",13/2/2005
41,1793,9,10,13,15,25,27,"$8,000,000.00",9/2/2005
41,1792,4,5,8,34,43,45,"$7,000,000.00",6/2/2005
41,1791,17,19,33,34,39,43,"$6,000,000.00",2/2/2005
41,1790,2,4,21,26,36,45,"$4,000,000.00",30/1/2005
41,1789,2,5,9,27,34,41,"$6,000,000.00",26/1/2005
41,1788,10,17,38,43,45,47,"$5,000,000.00",23/1/2005
41,1787,2,8,9,25,39,42,"$4,000,000.00",19/1/2005
41,1786,8,16,22,25,28,47,"$28,000,000.00",16/1/2005
41,1785,8,9,17,19,23,47,"$26,000,000.00",12/1/2005
41,1784,6,17,23,25,29,40,"$20,000,000.00",9/1/2005
41,1783,1,8,9,23,39,42,"$17,000,000.00",5/1/2005
41,1782,8,12,26,32,39,45,"$15,000,000.00",2/1/2005
41,1781,2,5,7,23,28,46,"$13,000,000.00",29/12/2004
41,1780,7,8,16,20,24,38,"$11,000,000.00",26/12/2004
41,1779,9,11,14,17,19,21,"$9,000,000.00",22/12/2004
41,1778,7,14,20,37,40,46,"$8,000,000.00",19/12/2004
41,1777,2,9,18,25,28,42,"$7,000,000.00",15/12/2004
41,1776,2,15,26,34,37,42,"$6,000,000.00",12/12/2004
41,1775,2,3,35,39,40,47,"$5,000,000.00",8/12/2004
41,1774,13,14,17,20,25,47,"$4,000,000.00",5/12/2004
41,1773,7,11,13,16,31,34,"$5,000,000.00",1/12/2004
41,1772,2,3,21,24,26,28,"$4,000,000.00",28/11/2004
41,1771,11,12,18,20,30,32,"$8,000,000.00",24/11/2004
41,1770,14,16,21,27,42,45,"$7,000,000.00",21/11/2004
41,1769,1,12,15,36,41,45,"$6,000,000.00",17/11/2004
41,1768,4,7,26,30,33,36,"$5,000,000.00",14/11/2004
41,1767,19,21,24,36,41,46,"$4,000,000.00",10/11/2004
41,1766,1,11,13,22,27,28,"$9,000,000.00",7/11/2004
41,1765,5,7,12,13,16,29,"$8,000,000.00",3/11/2004
41,1764,1,6,13,15,44,47,"$7,000,000.00",31/10/2004
41,1763,7,13,16,19,20,46,"$6,000,000.00",27/10/2004
41,1762,14,20,24,28,30,45,"$5,000,000.00",24/10/2004
41,1761,9,29,32,37,39,42,"$4,000,000.00",20/10/2004
41,1760,8,15,28,36,39,41,"$12,000,000.00",17/10/2004
41,1759,2,10,19,32,34,37,"$11,000,000.00",13/10/2004
41,1758,12,23,27,30,40,41,"$10,000,000.00",10/10/2004
41,1757,12,15,41,43,45,46,"$9,000,000.00",6/10/2004
41,1756,6,10,17,30,37,46,"$8,000,000.00",3/10/2004
41,1755,1,8,28,32,35,43,"$7,000,000.00",29/9/2004
41,1754,6,9,11,13,33,36,"$6,000,000.00",26/9/2004
41,1753,2,9,16,31,32,44,"$5,000,000.00",22/9/2004
41,1752,7,10,11,28,38,45,"$4,000,000.00",19/9/2004
41,1751,2,10,20,32,33,38,"$4,000,000.00",15/9/2004
41,1750,4,5,12,14,22,31,"$10,000,000.00",12/9/2004
41,1749,11,16,25,30,31,36,"$9,000,000.00",8/9/2004
41,1748,1,7,9,29,37,45,"$8,000,000.00",5/9/2004
41,1747,3,17,21,24,32,42,"$7,000,000.00",1/9/2004
41,1746,3,21,22,26,31,37,"$6,000,000.00",29/8/2004
41,1745,22,23,26,29,30,35,"$5,000,000.00",25/8/2004
41,1744,1,7,8,25,35,39,"$4,000,000.00",22/8/2004
41,1743,1,13,14,26,33,42,"$26,000,000.00",18/8/2004
41,1742,13,16,19,23,28,31,"$25,000,000.00",15/8/2004
41,1741,2,6,9,18,19,35,"$23,000,000.00",11/8/2004
41,1740,1,2,4,12,14,34,"$22,000,000.00",8/8/2004
41,1739,1,7,21,25,36,46,"$20,000,000.00",4/8/2004
41,1738,2,4,13,23,28,40,"$19,000,000.00",1/8/2004
41,1737,5,18,20,22,24,31,"$18,000,000.00",28/7/2004
41,1736,4,11,24,29,30,40,"$17,000,000.00",25/7/2004
41,1735,4,11,13,14,26,47,"$16,000,000.00",21/7/2004
41,1734,6,8,9,31,35,37,"$15,000,000.00",18/7/2004
41,1733,9,11,13,24,37,47,"$13,000,000.00",14/7/2004
41,1732,3,14,24,26,28,46,"$12,000,000.00",11/7/2004
41,1731,10,14,31,32,38,45,"$11,000,000.00",7/7/2004
41,1730,7,29,36,37,39,46,"$10,000,000.00",4/7/2004
41,1729,2,8,24,35,43,46,"$9,000,000.00",30/6/2004
41,1728,5,15,29,33,39,44,"$8,000,000.00",27/6/2004
41,1727,6,18,29,30,37,41,"$7,000,000.00",23/6/2004
41,1726,7,9,13,26,32,39,"$6,000,000.00",20/6/2004
41,1725,10,11,15,17,30,47,"$5,000,000.00",16/6/2004
41,1724,3,11,27,33,45,47,"$4,000,000.00",13/6/2004
41,1723,4,10,13,14,27,30,"$34,000,000.00",9/6/2004
41,1722,1,3,11,13,14,43,"$32,000,000.00",6/6/2004
41,1721,9,10,24,32,33,40,"$29,000,000.00",2/6/2004
41,1720,15,17,23,33,34,38,"$27,000,000.00",30/5/2004
41,1719,4,6,7,18,39,47,"$26,000,000.00",26/5/2004
41,1718,2,5,19,21,24,33,"$24,000,000.00",23/5/2004
41,1717,2,7,9,10,21,45,"$22,000,000.00",19/5/2004
41,1716,2,27,29,36,37,42,"$21,000,000.00",16/5/2004
41,1715,1,2,22,34,39,40,"$20,000,000.00",12/5/2004
41,1714,4,29,33,35,39,43,"$18,000,000.00",9/5/2004
41,1713,3,7,13,14,16,30,"$17,000,000.00",5/5/2004
41,1712,8,14,21,28,40,41,"$16,000,000.00",2/5/2004
41,1711,5,7,12,18,25,46,"$14,000,000.00",28/4/2004
41,1710,1,4,5,13,20,26,"$13,000,000.00",25/4/2004
41,1709,10,11,16,18,20,37,"$12,000,000.00",21/4/2004
41,1708,7,9,27,30,35,44,"$11,000,000.00",18/4/2004
41,1707,1,20,21,25,37,44,"$10,000,000.00",14/4/2004
41,1706,8,12,39,41,43,47,"$9,000,000.00",11/4/2004
41,1705,5,11,22,23,31,36,"$8,000,000.00",7/4/2004
41,1704,2,9,14,32,36,47,"$7,000,000.00",4/4/2004
41,1703,16,21,22,34,37,45,"$6,000,000.00",31/3/2004
41,1702,2,5,24,25,30,40,"$5,000,000.00",28/3/2004
41,1701,10,17,25,35,46,47,"$4,000,000.00",24/3/2004
41,1700,5,9,11,13,22,24,"$14,000,000.00",21/3/2004
41,1699,15,34,39,43,44,46,"$13,000,000.00",17/3/2004
41,1698,10,22,24,28,36,42,"$12,000,000.00",14/3/2004
41,1697,2,10,17,35,46,47,"$11,000,000.00",10/3/2004
41,1696,19,21,27,28,31,47,"$10,000,000.00",7/3/2004
41,1695,1,11,14,25,26,46,"$9,000,000.00",3/3/2004
41,1694,22,36,37,40,41,44,"$8,000,000.00",29/2/2004
41,1693,15,17,20,21,30,38,"$7,000,000.00",25/2/2004
41,1692,6,18,20,28,30,42,"$6,000,000.00",22/2/2004
41,1691,16,17,18,24,29,35,"$5,000,000.00",18/2/2004
41,1690,3,27,32,33,39,44,"$4,000,000.00",15/2/2004
41,1689,2,20,24,26,28,41,"$8,000,000.00",11/2/2004
41,1688,10,16,31,42,44,46,"$7,000,000.00",8/2/2004
41,1687,10,17,24,38,39,41,"$6,000,000.00",4/2/2004
41,1686,5,9,37,39,40,47,"$5,000,000.00",1/2/2004
41,1685,4,9,19,22,31,35,"$4,000,000.00",28/1/2004
41,1684,4,10,12,17,32,43,"$6,000,000.00",25/1/2004
41,1683,1,28,33,36,40,42,"$5,000,000.00",21/1/2004
41,1682,3,19,21,22,24,33,"$4,000,000.00",18/1/2004
41,1681,3,7,11,20,31,35,"$6,000,000.00",14/1/2004
41,1680,5,24,27,32,34,37,"$5,000,000.00",11/1/2004
41,1679,4,5,10,12,16,43,"$4,000,000.00",7/1/2004
41,1678,3,6,9,14,29,42,"$4,000,000.00",4/1/2004
41,1677,2,5,8,9,15,34,"$8,000,000.00",31/12/2003
41,1676,2,16,19,30,31,35,"$7,000,000.00",28/12/2003
41,1675,10,14,16,24,32,38,"$6,000,000.00",24/12/2003
41,1674,6,14,18,19,28,37,"$5,000,000.00",21/12/2003
41,1673,8,12,24,30,38,45,"$4,000,000.00",17/12/2003
41,1672,5,9,11,19,22,43,"$9,000,000.00",17/12/2003
41,1671,2,5,9,12,20,34,"$8,000,000.00",10/12/2003
41,1670,2,7,24,26,43,47,"$7,000,000.00",7/12/2003
41,1669,4,8,11,24,28,46,"$6,000,000.00",3/12/2003
41,1668,1,2,20,26,29,34,"$5,000,000.00",30/11/2003
41,1667,5,10,25,35,37,38,"$4,000,000.00",26/11/2003
41,1666,13,16,31,37,39,45,"$12,000,000.00",23/11/2003
41,1665,7,12,15,16,44,47,"$11,000,000.00",19/11/2003
41,1664,2,16,31,33,37,42,"$9,000,000.00",16/11/2003
41,1663,1,4,8,11,18,36,"$7,000,000.00",12/11/2003
41,1662,7,20,32,35,36,41,"$6,000,000.00",9/11/2003
41,1661,3,22,30,33,35,45,"$4,000,000.00",5/11/2003
41,1660,7,11,14,20,27,41,"$6,000,000.00",2/11/2003
41,1659,1,3,15,17,19,30,"$5,000,000.00",29/10/2003
41,1658,5,26,31,39,42,45,"$4,000,000.00",26/10/2003
41,1657,4,8,13,14,22,39,"$17,000,000.00",22/10/2003
41,1656,11,17,24,28,43,46,"$14,000,000.00",19/10/2003
41,1655,3,6,15,25,35,39,"$12,000,000.00",15/10/2003
41,1654,2,4,13,29,33,44,"$11,000,000.00",12/10/2003
41,1653,5,6,11,40,46,47,"$10,000,000.00",8/10/2003
41,1652,4,28,30,32,34,44,"$9,000,000.00",5/10/2003
41,1651,10,11,16,32,42,43,"$8,000,000.00",1/10/2003
41,1650,19,23,24,30,35,39,"$7,000,000.00",28/9/2003
41,1649,1,16,29,31,33,42,"$6,000,000.00",24/9/2003
41,1648,2,6,18,33,37,41,"$5,000,000.00",21/9/2003
41,1647,9,24,30,34,41,45,"$4,000,000.00",17/9/2003
41,1646,8,13,20,37,39,41,"$24,000,000.00",14/9/2003
41,1645,2,4,19,27,36,42,"$22,000,000.00",10/9/2003
41,1644,2,17,20,21,32,39,"$21,000,000.00",7/9/2003
41,1643,8,16,18,30,31,39,"$19,000,000.00",3/9/2003
41,1642,12,26,30,33,35,46,"$18,000,000.00",31/8/2003
41,1641,12,32,34,36,38,40,"$17,000,000.00",27/8/2003
41,1640,5,18,25,28,29,32,"$16,000,000.00",24/8/2003
41,1639,10,15,21,34,38,39,"$15,000,000.00",20/8/2003
41,1638,3,8,13,31,37,44,"$14,000,000.00",17/8/2003
41,1637,2,9,27,36,41,45,"$13,000,000.00",13/8/2003
41,1636,3,14,25,30,32,34,"$12,000,000.00",10/8/2003
41,1635,3,4,20,25,34,39,"$11,000,000.00",6/8/2003
41,1634,3,9,17,18,30,31,"$10,000,000.00",3/8/2003
41,1633,15,18,35,38,39,42,"$9,000,000.00",30/7/2003
41,1632,6,14,18,20,42,43,"$8,000,000.00",27/7/2003
41,1631,6,11,17,33,43,47,"$7,000,000.00",23/7/2003
41,1630,12,18,19,25,30,35,"$6,000,000.00",20/7/2003
41,1629,2,4,13,22,43,46,"$5,000,000.00",16/7/2003
41,1628,11,16,25,33,40,43,"$4,000,000.00",13/7/2003
41,1627,3,13,17,32,36,40,"$4,000,000.00",9/7/2003
41,1626,1,3,9,18,33,42,"$14,000,000.00",6/7/2003
41,1625,1,10,16,26,32,41,"$13,000,000.00",2/7/2003
41,1624,3,8,15,16,26,43,"$12,000,000.00",29/6/2003
41,1623,13,19,24,32,37,42,"$11,000,000.00",25/6/2003
41,1622,1,9,36,37,42,45,"$10,000,000.00",22/6/2003
41,1621,12,17,20,23,30,43,"$9,000,000.00",18/6/2003
41,1620,1,20,25,28,41,46,"$8,000,000.00",15/6/2003
41,1619,4,19,24,27,31,37,"$7,000,000.00",11/6/2003
41,1618,9,12,15,22,25,26,"$6,000,000.00",8/6/2003
41,1617,2,7,8,11,15,46,"$5,000,000.00",4/6/2003
41,1616,9,23,27,30,32,35,"$4,000,000.00",1/6/2003
41,1615,8,9,11,28,31,32,"$5,000,000.00",28/5/2003
41,1614,4,8,13,23,24,38,"$4,000,000.00",25/5/2003
41,1613,15,17,21,25,28,29,"$10,000,000.00",21/5/2003
41,1612,4,18,27,34,36,41,"$9,000,000.00",18/5/2003
41,1611,9,25,27,36,39,43,"$8,000,000.00",14/5/2003
41,1610,11,14,20,24,33,42,"$7,000,000.00",11/5/2003
41,1609,6,16,33,35,46,47,"$6,000,000.00",7/5/2003
41,1608,1,13,16,17,42,44,"$5,000,000.00",4/5/2003
41,1607,5,19,21,31,35,41,"$4,000,000.00",30/4/2003
41,1606,9,13,17,25,34,46,"$25,000,000.00",27/4/2003
41,1605,3,11,12,16,19,35,"$24,000,000.00",23/4/2003
41,1604,11,13,18,20,34,44,"$23,000,000.00",20/4/2003
41,1603,2,5,25,35,42,44,"$21,000,000.00",16/4/2003
41,1602,11,14,27,30,37,39,"$20,000,000.00",13/4/2003
41,1601,3,12,15,20,30,36,"$18,000,000.00",9/4/2003
41,1600,1,7,18,20,30,43,"$17,000,000.00",6/4/2003
41,1599,2,10,14,42,44,45,"$16,000,000.00",2/4/2003
41,1598,3,8,10,30,36,37,"$14,000,000.00",30/3/2003
41,1597,11,14,18,27,36,41,"$12,000,000.00",26/3/2003
41,1596,2,3,19,24,31,34,"$11,000,000.00",23/3/2003
41,1595,16,17,37,38,39,46,"$10,000,000.00",19/3/2003
41,1594,10,18,26,30,37,44,"$9,000,000.00",16/3/2003
41,1593,6,7,15,18,34,42,"$8,000,000.00",12/3/2003
41,1592,1,8,15,27,31,45,"$7,000,000.00",9/3/2003
41,1591,1,2,7,10,20,28,"$6,000,000.00",5/3/2003
41,1590,4,10,20,21,25,41,"$5,000,000.00",2/3/2003
41,1589,16,22,24,27,35,36,"$4,000,000.00",26/2/2003
41,1588,14,17,39,42,43,47,"$6,000,000.00",23/2/2003
41,1587,1,8,11,21,24,28,"$5,000,000.00",19/2/2003
41,1586,1,7,21,26,30,33,"$4,000,000.00",16/2/2003
41,1585,14,19,31,40,46,47,"$13,000,000.00",12/2/2003
41,1584,2,27,28,33,38,45,"$12,000,000.00",9/2/2003
41,1583,1,14,15,16,17,31,"$11,000,000.00",5/2/2003
41,1582,2,13,21,22,40,47,"$10,000,000.00",2/2/2003
41,1581,1,8,25,32,36,43,"$9,000,000.00",29/1/2003
41,1580,4,18,20,31,35,38,"$8,000,000.00",26/1/2003
41,1579,2,17,30,39,43,44,"$7,000,000.00",22/1/2003
41,1578,15,18,19,24,31,42,"$6,000,000.00",19/1/2003
41,1577,5,15,34,41,45,46,"$5,000,000.00",15/1/2003
41,1576,6,11,26,29,33,38,"$4,000,000.00",12/1/2003
41,1575,3,13,14,15,40,43,"$14,000,000.00",8/1/2003
41,1574,4,6,8,16,30,42,"$13,000,000.00",5/1/2003
41,1573,2,10,30,38,42,46,"$12,000,000.00",1/1/2003
41,1572,13,20,23,32,38,46,"$10,000,000.00",29/12/2002
41,1571,5,6,19,20,34,45,"$9,000,000.00",25/12/2002
41,1570,6,11,26,30,33,44,"$8,000,000.00",22/12/2002
41,1569,11,14,16,24,28,34,"$7,000,000.00",18/12/2002
41,1568,1,6,19,21,43,45,"$6,000,000.00",15/12/2002
41,1567,4,9,20,28,34,36,"$5,000,000.00",11/12/2002
41,1566,6,12,13,34,37,43,"$4,000,000.00",8/12/2002
41,1565,7,19,21,28,41,46,"$53,000,000.00",4/12/2002
41,1564,10,19,21,33,40,43,"$51,000,000.00",1/12/2002
41,1563,3,8,13,27,38,42,"$50,000,000.00",27/11/2002
41,1562,13,14,26,28,41,47,"$47,000,000.00",24/11/2002
41,1561,2,6,7,30,37,47,"$45,000,000.00",20/11/2002
41,1560,11,13,18,21,30,45,"$43,000,000.00",17/11/2002
41,1559,1,5,8,11,16,24,"$41,000,000.00",13/11/2002
41,1558,22,24,28,30,38,41,"$40,000,000.00",10/11/2002
41,1557,4,17,19,22,29,41,"$39,000,000.00",6/11/2002
41,1556,7,8,22,28,35,43,"$38,000,000.00",3/11/2002
41,1555,2,24,28,29,33,47,"$34,000,000.00",30/10/2002
41,1554,8,10,26,27,28,35,"$32,000,000.00",27/10/2002
41,1553,6,10,13,34,39,44,"$32,000,000.00",23/10/2002
41,1552,11,14,21,25,26,36,"$28,000,000.00",20/10/2002
41,1551,14,23,25,26,36,39,"$26,000,000.00",16/10/2002
41,1550,9,16,20,21,41,46,"$24,000,000.00",13/10/2002
41,1549,6,23,24,30,40,45,"$23,000,000.00",9/10/2002
41,1548,1,7,10,21,44,46,"$22,000,000.00",6/10/2002
41,1547,15,17,18,20,34,38,"$20,000,000.00",2/10/2002
41,1546,14,16,17,18,20,37,"$19,000,000.00",29/9/2002
41,1545,5,19,26,30,36,38,"$17,000,000.00",25/9/2002
41,1544,11,16,26,30,37,39,"$16,000,000.00",22/9/2002
41,1543,7,8,24,25,29,32,"$14,000,000.00",18/9/2002
41,1542,7,14,30,32,40,42,"$13,000,000.00",15/9/2002
41,1541,13,16,25,34,38,44,"$12,000,000.00",11/9/2002
41,1540,11,23,25,29,34,38,"$11,000,000.00",8/9/2002
41,1539,7,17,18,32,34,39,"$10,000,000.00",4/9/2002
41,1538,1,3,5,10,14,26,"$9,000,000.00",1/9/2002
41,1537,2,10,21,22,36,40,"$8,000,000.00",28/8/2002
41,1536,3,5,16,17,21,39,"$7,000,000.00",25/8/2002
41,1535,4,12,16,20,24,42,"$6,000,000.00",21/8/2002
41,1534,7,11,14,22,29,43,"$5,000,000.00",18/8/2002
41,1533,11,14,17,29,32,39,"$2,000,000.00",14/8/2002
41,1532,6,10,15,19,25,30,"$2,000,000.00",11/8/2002
41,1531,11,15,21,26,27,32,"$2,000,000.00",7/8/2002
41,1530,7,18,23,33,37,41,"$18,000,000.00",4/8/2002
41,1529,2,5,14,20,24,36,"$17,000,000.00",31/7/2002
41,1528,7,28,30,34,36,41,"$15,000,000.00",28/7/2002
41,1527,8,10,14,15,25,34,"$14,000,000.00",24/7/2002
41,1526,9,23,25,33,37,42,"$13,000,000.00",21/7/2002
41,1525,3,13,21,22,40,43,"$12,000,000.00",17/7/2002
41,1524,1,8,9,10,19,23,"$9,000,000.00",14/7/2002
41,1523,4,7,17,19,38,43,"$7,000,000.00",10/7/2002
41,1522,2,35,40,42,43,44,"$6,000,000.00",7/7/2002
41,1521,6,11,13,14,29,39,"$5,000,000.00",3/7/2002
41,1520,2,5,30,31,34,41,"$4,000,000.00",30/6/2002
41,1519,1,24,32,34,35,43,"$3,000,000.00",26/6/2002
41,1518,3,4,12,23,29,32,"$2,000,000.00",23/6/2002
41,1517,2,8,23,30,33,42,"$9,000,000.00",19/6/2002
41,1516,5,7,10,14,24,34,"$8,000,000.00",16/6/2002
41,1515,6,24,28,32,36,39,"$7,000,000.00",12/6/2002
41,1514,12,18,20,33,35,41,"$6,000,000.00",9/6/2002
41,1513,4,6,24,26,31,44,"$5,000,000.00",5/6/2002
41,1512,8,11,13,16,22,25,"$4,000,000.00",2/6/2002
41,1511,5,20,21,26,37,40,"$3,000,000.00",29/5/2002
41,1510,7,8,9,13,22,42,"$2,000,000.00",26/5/2002
41,1509,4,13,23,34,37,38,"$11,000,000.00",22/5/2002
41,1508,1,20,25,26,33,34,"$10,000,000.00",19/5/2002
41,1507,1,4,11,21,24,26,"$9,000,000.00",15/5/2002
41,1506,9,23,28,29,31,33,"$8,000,000.00",12/5/2002
41,1505,3,7,13,20,34,38,"$7,000,000.00",8/5/2002
41,1504,5,9,21,24,31,32,"$6,000,000.00",5/5/2002
41,1503,2,4,14,21,22,43,"$5,000,000.00",1/5/2002
41,1502,2,11,19,33,41,42,"$4,000,000.00",28/4/2002
41,1501,10,23,30,33,35,40,"$3,000,000.00",24/4/2002
41,1500,4,10,12,38,40,41,"$2,000,000.00",21/4/2002
41,1499,4,12,19,27,35,39,"$3,000,000.00",17/4/2002
41,1498,8,24,27,30,37,38,"$2,000,000.00",14/4/2002
41,1497,4,18,23,25,39,40,"$17,000,000.00",10/4/2002
41,1496,7,10,16,17,28,32,"$16,000,000.00",7/4/2002
41,1495,13,14,21,30,41,42,"$15,000,000.00",3/4/2002
41,1494,12,13,17,24,29,40,"$14,000,000.00",31/3/2002
41,1493,1,5,6,27,34,43,"$13,000,000.00",27/3/2002
41,1492,6,11,12,31,33,42,"$12,000,000.00",24/3/2002
41,1491,9,16,22,23,27,37,"$11,000,000.00",20/3/2002
41,1490,11,14,27,34,35,40,"$10,000,000.00",17/3/2002
41,1489,2,11,23,37,38,44,"$9,000,000.00",13/3/2002
41,1488,9,10,21,29,31,35,"$8,000,000.00",10/3/2002
41,1487,13,16,24,31,36,37,"$7,000,000.00",6/3/2002
41,1486,2,14,21,37,38,39,"$6,000,000.00",3/3/2002
41,1485,13,26,29,30,34,37,"$5,000,000.00",27/2/2002
41,1484,11,14,15,29,39,43,"$4,000,000.00",24/2/2002
41,1483,12,20,22,24,29,43,"$3,000,000.00",20/2/2002
41,1482,5,7,9,30,31,37,"$2,000,000.00",17/2/2002
41,1481,3,18,21,23,25,35,"$10,000,000.00",13/2/2002
41,1480,2,17,27,28,35,38,"$9,000,000.00",10/2/2002
41,1479,14,30,36,39,41,42,"$8,000,000.00",6/2/2002
41,1478,15,20,25,27,35,37,"$7,000,000.00",3/2/2002
41,1477,6,7,8,21,36,44,"$6,000,000.00",30/1/2002
41,1476,1,10,18,26,27,39,"$5,000,000.00",27/1/2002
41,1475,2,8,9,19,25,37,"$4,000,000.00",23/1/2002
41,1474,17,29,30,36,41,42,"$3,000,000.00",20/1/2002
41,1473,21,22,30,35,36,43,"$2,000,000.00",16/1/2002
41,1472,3,19,24,32,33,44,"$15,000,000.00",13/1/2002
41,1471,8,9,10,28,31,33,"$13,000,000.00",9/1/2002
41,1470,2,9,13,24,28,29,"$11,000,000.00",6/1/2002
41,1469,12,16,17,25,26,31,"$10,000,000.00",2/1/2002
41,1468,10,13,15,17,24,35,"$9,000,000.00",30/12/2001
41,1467,3,11,13,14,39,43,"$8,000,000.00",26/12/2001
41,1466,5,7,11,15,21,39,"$7,000,000.00",23/12/2001
41,1465,1,4,10,32,33,44,"$6,000,000.00",19/12/2001
41,1464,6,7,25,29,33,40,"$5,000,000.00",16/12/2001
41,1463,9,23,32,39,42,43,"$4,000,000.00",12/12/2001
41,1462,2,3,6,30,32,38,"$3,000,000.00",9/12/2001
41,1461,11,12,19,20,26,29,"$2,000,000.00",5/12/2001
41,1460,10,14,21,28,41,44,"$15,000,000.00",2/12/2001
41,1459,11,21,30,39,40,42,"$14,000,000.00",28/11/2001
41,1458,3,6,7,19,23,29,"$13,000,000.00",25/11/2001
41,1457,16,32,36,40,41,42,"$12,000,000.00",21/11/2001
41,1456,4,7,19,20,26,30,"$11,000,000.00",18/11/2001
41,1455,15,18,20,23,29,39,"$10,000,000.00",14/11/2001
41,1454,16,20,24,28,36,44,"$9,000,000.00",11/11/2001
41,1453,3,11,15,16,22,29,"$8,000,000.00",7/11/2001
41,1452,4,7,16,27,29,32,"$7,000,000.00",4/11/2001
41,1451,1,18,19,30,32,43,"$6,000,000.00",31/10/2001
41,1450,6,20,22,24,41,42,"$5,000,000.00",28/10/2001
41,1449,3,12,27,32,35,41,"$4,000,000.00",24/10/2001
41,1448,13,30,33,35,37,41,"$3,000,000.00",21/10/2001
41,1447,3,17,25,36,38,44,"$2,000,000.00",17/10/2001
41,1446,7,16,17,24,34,42,"$5,000,000.00",14/10/2001
41,1445,5,10,16,24,28,34,"$4,000,000.00",10/10/2001
41,1444,6,22,23,27,38,42,"$3,000,000.00",7/10/2001
41,1443,4,15,19,33,39,42,"$2,000,000.00",3/10/2001
41,1442,18,19,25,37,42,44,"$18,000,000.00",30/9/2001
41,1441,6,7,20,23,32,41,"$17,000,000.00",26/9/2001
41,1440,4,14,23,24,33,37,"$16,000,000.00",23/9/2001
41,1439,17,18,33,34,38,44,"$15,000,000.00",19/9/2001
41,1438,3,22,28,29,30,44,"$12,000,000.00",16/9/2001
41,1437,6,11,12,13,20,39,"$12,000,000.00",12/9/2001
41,1436,2,6,8,17,26,29,"$11,000,000.00",9/9/2001
41,1435,10,19,27,29,37,40,"$10,000,000.00",5/9/2001
41,1434,2,18,27,28,31,43,"$8,000,000.00",2/9/2001
41,1433,2,11,12,13,21,42,"$7,000,000.00",29/8/2001
41,1432,5,8,11,21,22,30,"$6,000,000.00",26/8/2001
41,1431,15,16,25,30,32,38,"$5,000,000.00",22/8/2001
41,1430,2,9,11,32,39,42,"$4,000,000.00",19/8/2001
41,1429,1,4,12,23,27,37,"$3,000,000.00",15/8/2001
41,1428,10,13,23,27,31,44,"$2,000,000.00",12/8/2001
41,1427,5,10,14,24,26,37,"$5,000,000.00",8/8/2001
41,1426,5,9,23,24,39,43,"$4,000,000.00",5/8/2001
41,1425,2,11,17,18,42,44,"$3,000,000.00",1/8/2001
41,1424,5,20,31,35,37,42,"$2,000,000.00",29/7/2001
41,1423,5,11,15,17,32,39,"$3,000,000.00",25/7/2001
41,1422,5,7,11,18,21,35,"$2,000,000.00",22/7/2001
41,1421,12,20,21,34,37,43,"$55,000,000.00",18/7/2001
41,1420,1,2,5,10,19,24,"$50,000,000.00",15/7/2001
41,1419,4,6,16,32,35,38,"$47,000,000.00",11/7/2001
41,1418,4,5,29,31,32,40,"$44,000,000.00",8/7/2001
41,1417,7,15,17,18,34,41,"$41,000,000.00",4/7/2001
41,1416,2,21,22,29,38,43,"$39,000,000.00",1/7/2001
41,1415,7,8,10,21,26,30,"$38,000,000.00",27/6/2001
41,1414,6,18,21,22,35,43,"$36,000,000.00",24/6/2001
41,1413,1,21,25,33,36,38,"$34,000,000.00",20/6/2001
41,1412,1,8,16,25,28,43,"$32,000,000.00",17/6/2001
41,1411,21,23,28,35,41,42,"$30,000,000.00",13/6/2001
41,1410,4,9,22,32,34,44,"$29,000,000.00",10/6/2001
41,1409,10,18,19,20,21,33,"$28,000,000.00",6/6/2001
41,1408,3,7,17,23,28,30,"$26,500,000.00",3/6/2001
41,1407,7,14,23,29,32,34,"$24,500,000.00",30/5/2001
41,1406,2,3,15,21,23,42,"$23,000,000.00",27/5/2001
41,1405,3,7,12,17,25,27,"$21,000,000.00",23/5/2001
41,1404,24,25,28,30,33,44,"$20,000,000.00",20/5/2001
41,1403,3,25,34,36,39,40,"$18,500,000.00",16/5/2001
41,1402,10,14,17,26,34,42,"$17,500,000.00",13/5/2001
41,1401,3,10,15,26,43,44,"$16,500,000.00",9/5/2001
41,1400,3,9,10,23,39,41,"$15,000,000.00",6/5/2001
41,1399,2,12,16,25,42,44,"$14,000,000.00",2/5/2001
41,1398,6,16,27,30,36,39,"$13,000,000.00",29/4/2001
41,1397,1,7,19,20,27,35,"$12,000,000.00",25/4/2001
41,1396,2,20,25,28,38,42,"$12,000,000.00",22/4/2001
41,1395,12,20,28,40,43,44,"$10,000,000.00",18/4/2001
41,1394,5,10,17,18,35,41,"$9,000,000.00",15/4/2001
41,1393,1,6,19,35,39,42,"$8,500,000.00",11/4/2001
41,1392,8,12,16,26,28,38,"$8,000,000.00",8/4/2001
41,1391,7,10,29,30,32,43,"$4,000,000.00",4/4/2001
41,1390,2,3,9,10,16,20,"$3,000,000.00",1/4/2001
41,1389,8,11,16,18,36,43,"$2,500,000.00",28/3/2001
41,1388,2,4,15,23,39,44,"$2,000,000.00",25/3/2001
41,1387,4,13,14,22,32,39,"$7,000,000.00",21/3/2001
41,1386,6,12,27,30,36,41,"$600,000.00",18/3/2001
41,1385,12,13,15,28,33,35,"$500,000.00",14/3/2001
41,1384,3,9,16,37,41,44,"$450,000.00",11/3/2001
41,1383,5,17,18,19,40,42,"$400,000.00",7/3/2001
41,1382,3,4,9,20,23,30,"$350,000.00",4/3/2001
41,1381,1,3,22,27,31,32,"$300,000.00",28/2/2001
41,1380,14,26,30,31,34,38,"$8,250,000.00",25/2/2001
41,1379,4,6,10,12,28,35,"$2,000,000.00",21/2/2001
41,1378,4,10,17,28,38,42,"$14,000,000.00",18/2/2001
41,1377,6,9,10,19,33,40,"$13,000,000.00",14/2/2001
41,1376,6,13,15,23,27,42,"$12,000,000.00",11/2/2001
41,1375,5,8,15,24,26,41,"$11,000,000.00",7/2/2001
41,1374,3,16,22,29,39,42,"$10,000,000.00",4/2/2001
41,1373,20,21,27,29,39,43,"$9,000,000.00",31/1/2001
41,1372,11,19,30,31,32,38,"$8,500,000.00",28/1/2001
41,1371,1,10,16,29,30,40,"$8,000,000.00",24/1/2001
41,1370,3,10,28,31,33,40,"$7,000,000.00",21/1/2001
41,1369,1,2,10,19,29,42,"$6,000,000.00",17/1/2001
41,1368,4,5,6,26,31,35,"$5,000,000.00",14/1/2001
41,1367,11,12,15,24,32,41,"$4,500,000.00",10/1/2001
41,1366,3,10,12,15,25,44,"$4,000,000.00",7/1/2001
41,1365,1,12,13,31,32,38,"$3,500,000.00",3/1/2001
41,1364,3,14,18,27,28,36,"$3,000,000.00",31/12/2000
41,1363,9,11,14,16,32,40,"$2,500,000.00",27/12/2000
41,1362,2,6,11,19,20,43,"$2,000,000.00",24/12/2000
41,1361,3,6,20,26,28,32,"$4,000,000.00",20/12/2000
41,1360,6,22,23,29,34,36,"$3,500,000.00",17/12/2000
41,1359,20,24,27,32,35,38,"$3,000,000.00",13/12/2000
41,1358,12,17,19,22,25,28,"$2,500,000.00",10/12/2000
41,1357,2,6,19,26,35,38,"$2,000,000.00",6/12/2000
41,1356,2,12,21,23,34,44,"$4,500,000.00",3/12/2000
41,1355,3,4,12,17,19,33,"$4,000,000.00",29/11/2000
41,1354,6,13,19,20,39,42,"$3,500,000.00",26/11/2000
41,1353,1,13,28,29,32,42,"$3,000,000.00",22/11/2000
41,1352,2,12,24,25,27,29,"$2,500,000.00",19/11/2000
41,1351,3,12,17,32,34,38,"$2,500,000.00",15/11/2000
41,1350,5,9,28,33,34,39,"$6,000,000.00",12/11/2000
41,1349,27,28,31,33,34,38,"$5,000,000.00",8/11/2000
41,1348,8,9,12,27,32,41,"$4,000,000.00",5/11/2000
41,1347,2,3,24,40,42,43,"$3,500,000.00",1/11/2000
41,1346,11,12,14,23,29,39,"$3,000,000.00",29/10/2000
41,1345,1,10,23,26,30,37,"$2,500,000.00",25/10/2000
41,1344,11,13,25,27,30,40,"$2,000,000.00",22/10/2000
41,1343,2,9,13,22,34,37,"$2,000,000.00",18/10/2000
41,1342,7,15,17,21,26,33,"$17,000,000.00",15/10/2000
41,1341,1,2,10,16,35,41,"$16,000,000.00",11/10/2000
41,1340,6,20,21,32,35,37,"$15,000,000.00",8/10/2000
41,1339,9,12,17,18,23,42,"$14,000,000.00",4/10/2000
41,1338,2,9,10,14,27,35,"$13,000,000.00",1/10/2000
41,1337,8,10,39,41,43,44,"$12,000,000.00",27/9/2000
41,1336,3,19,21,29,37,44,"$11,000,000.00",24/9/2000
41,1335,5,10,13,20,36,43,"$10,000,000.00",20/9/2000
41,1334,6,8,15,29,33,38,"$9,000,000.00",17/9/2000
41,1333,15,16,23,25,26,32,"$8,000,000.00",13/9/2000
41,1332,2,5,24,33,34,38,"$7,000,000.00",10/9/2000
41,1331,13,18,27,28,37,41,"$6,000,000.00",6/9/2000
41,1330,7,14,24,26,31,40,"$5,000,000.00",3/9/2000
41,1329,3,8,23,24,33,35,"$4,500,000.00",30/8/2000
41,1328,5,9,10,14,37,38,"$4,000,000.00",27/8/2000
41,1327,1,3,4,22,31,43,"$3,500,000.00",23/8/2000
41,1326,13,23,26,30,32,37,"$3,000,000.00",20/8/2000
41,1325,10,12,19,23,24,39,"$2,500,000.00",16/8/2000
41,1324,1,7,11,16,19,34,"$2,000,000.00",13/8/2000
41,1323,2,9,11,15,22,43,"$3,500,000.00",9/8/2000
41,1322,9,17,20,21,31,43,"$3,000,000.00",6/8/2000
41,1321,17,19,28,29,35,43,"$2,500,000.00",2/8/2000
41,1320,3,20,22,23,31,40,"$2,000,000.00",30/7/2000
41,1319,1,7,17,23,30,38,"$6,000,000.00",26/7/2000
41,1318,3,12,15,23,30,31,"$5,000,000.00",23/7/2000
41,1317,9,10,14,18,30,41,"$4,000,000.00",19/7/2000
41,1316,21,23,26,28,35,37,"$3,000,000.00",16/7/2000
41,1315,2,16,37,39,40,43,"$2,500,000.00",12/7/2000
41,1314,5,14,15,26,31,37,"$2,000,000.00",9/7/2000
41,1313,3,14,17,22,27,44,"$6,500,000.00",5/7/2000
41,1312,1,3,31,34,36,41,"$6,000,000.00",2/7/2000
41,1311,5,10,18,35,37,43,"$5,000,000.00",28/6/2000
41,1310,1,2,10,18,29,43,"$4,500,000.00",25/6/2000
41,1309,10,13,16,27,33,36,"$4,000,000.00",21/6/2000
41,1308,16,20,22,26,27,35,"$3,500,000.00",18/6/2000
41,1307,1,10,14,22,24,36,"$3,000,000.00",14/6/2000
41,1306,5,6,18,25,27,40,"$2,500,000.00",11/6/2000
41,1305,21,29,30,38,40,41,"$2,000,000.00",7/6/2000
41,1304,1,3,5,10,15,31,"$2,500,000.00",4/6/2000
41,1303,2,8,23,25,31,41,"$2,000,000.00",31/5/2000
41,1302,2,17,18,30,34,35,"$14,000,000.00",28/5/2000
41,1301,2,12,25,26,37,38,"$13,000,000.00",24/5/2000
41,1300,6,22,31,34,35,42,"$12,500,000.00",21/5/2000
41,1299,13,18,29,39,40,42,"$12,000,000.00",17/5/2000
41,1298,3,11,22,24,27,43,"$11,000,000.00",14/5/2000
41,1297,7,10,32,35,36,44,"$10,500,000.00",10/5/2000
41,1296,6,13,15,21,29,31,"$10,000,000.00",7/5/2000
41,1295,11,13,17,19,28,33,"$9,500,000.00",3/5/2000
41,1294,5,10,18,31,43,44,"$9,000,000.00",30/4/2000
41,1293,6,8,10,20,23,39,"$8,500,000.00",26/4/2000
41,1292,16,21,22,30,41,44,"$8,000,000.00",23/4/2000
41,1291,19,24,28,31,39,41,"$7,500,000.00",19/4/2000
41,1290,2,13,25,27,33,38,"$7,000,000.00",16/4/2000
41,1289,10,28,29,30,38,42,"$6,000,000.00",12/4/2000
41,1288,5,18,20,22,26,42,"$5,000,000.00",9/4/2000
41,1287,3,7,13,19,42,44,"$4,000,000.00",5/4/2000
41,1286,12,13,22,31,38,39,"$3,000,000.00",2/4/2000
41,1285,7,15,26,29,34,41,"$2,000,000.00",29/3/2000
41,1284,2,3,4,23,29,31,"$2,000,000.00",26/3/2000
41,1283,2,7,10,25,38,42,"$11,500,000.00",22/3/2000
41,1282,3,14,15,20,27,33,"$11,000,000.00",19/3/2000
41,1281,3,15,17,22,27,31,"$10,000,000.00",15/3/2000
41,1280,5,7,14,16,26,28,"$9,000,000.00",12/3/2000
41,1279,1,2,15,21,30,42,"$8,000,000.00",8/3/2000
41,1278,4,6,8,34,42,43,"$7,000,000.00",5/3/2000
41,1277,5,6,17,23,35,41,"$6,000,000.00",1/3/2000
41,1276,2,9,14,17,37,38,"$5,000,000.00",27/2/2000
41,1275,3,14,20,22,32,41,"$4,000,000.00",23/2/2000
41,1274,22,24,26,29,32,44,"$3,000,000.00",20/2/2000
41,1273,17,18,19,23,27,42,"$2,000,000.00",16/2/2000
41,1272,12,21,22,34,40,41,"$9,000,000.00",13/2/2000
41,1271,14,23,29,33,35,42,"$8,000,000.00",9/2/2000
41,1270,1,16,23,25,31,35,"$7,000,000.00",6/2/2000
41,1269,6,18,20,21,40,43,"$5,000,000.00",2/2/2000
41,1268,2,3,13,27,31,37,"$4,000,000.00",30/1/2000
41,1267,3,8,9,15,16,44,"$3,000,000.00",26/1/2000
41,1266,18,20,29,36,37,42,"$2,000,000.00",23/1/2000
41,1265,8,12,26,28,32,34,"$4,000,000.00",19/1/2000
41,1264,4,24,27,29,31,34,"$3,000,000.00",16/1/2000
41,1263,1,12,16,27,29,31,"$2,000,000.00",12/1/2000
41,1262,1,2,8,11,12,41,"$12,000,000.00",9/1/2000
41,1261,2,6,9,14,15,27,"$11,000,000.00",5/1/2000
41,1260,8,10,12,13,14,23,"$10,000,000.00",2/1/2000
41,1259,10,14,22,24,30,44,"$10,000,000.00",29/12/1999
41,1258,11,24,25,31,34,35,"$8,000,000.00",26/12/1999
41,1257,2,16,25,31,32,44,"$7,000,000.00",22/12/1999
41,1256,5,6,15,19,32,39,"$6,000,000.00",19/12/1999
41,1255,11,12,13,33,34,43,"$5,000,000.00",15/12/1999
41,1254,4,5,16,29,35,42,"$4,000,000.00",12/12/1999
41,1253,4,21,28,31,41,43,"$3,000,000.00",8/12/1999
41,1252,12,15,18,22,32,34,"$2,000,000.00",5/12/1999
41,1251,2,8,26,29,34,41,"$7,000,000.00",1/12/1999
41,1250,2,9,26,31,36,42,"$7,000,000.00",28/11/1999
41,1249,13,22,23,29,37,43,"$5,000,000.00",24/11/1999
41,1248,8,13,15,26,31,34,"$4,000,000.00",21/11/1999
41,1247,5,17,27,34,39,43,"$3,000,000.00",17/11/1999
41,1246,3,10,16,17,37,41,"$2,000,000.00",14/11/1999
41,1245,5,22,26,30,36,44,"$14,000,000.00",10/11/1999
41,1244,4,5,11,20,24,37,"$12,000,000.00",7/11/1999
41,1243,3,18,24,29,36,38,"$11,000,000.00",3/11/1999
41,1242,4,11,16,21,31,40,"$10,000,000.00",31/10/1999
41,1241,7,20,21,26,39,42,"$9,000,000.00",27/10/1999
41,1240,4,11,13,14,33,41,"$8,000,000.00",24/10/1999
41,1239,3,15,30,31,34,41,"$7,000,000.00",20/10/1999
41,1238,24,26,30,34,38,43,"$6,000,000.00",17/10/1999
41,1237,3,8,14,15,40,44,"$5,000,000.00",13/10/1999
41,1236,15,19,21,23,27,30,"$4,000,000.00",10/10/1999
41,1235,3,11,12,19,41,44,"$3,000,000.00",6/10/1999
41,1234,1,4,9,18,21,27,"$2,000,000.00",3/10/1999
41,1233,2,12,13,22,29,35,"$4,000,000.00",29/9/1999
41,1232,15,17,22,27,31,33,"$3,000,000.00",26/9/1999
41,1231,1,20,25,29,34,39,"$2,000,000.00",22/9/1999
41,1230,2,5,8,11,22,28,"$3,000,000.00",19/9/1999
41,1229,2,5,7,28,39,44,"$2,000,000.00",15/9/1999
41,1228,4,10,12,19,26,35,"$19,000,000.00",12/9/1999
41,1227,7,18,32,37,40,41,"$18,000,000.00",8/9/1999
41,1226,3,8,18,34,37,42,"$17,000,000.00",5/9/1999
41,1225,3,19,22,25,31,34,"$16,000,000.00",1/9/1999
41,1224,2,17,25,26,27,42,"$15,000,000.00",29/8/1999
41,1223,6,9,13,26,35,37,"$14,000,000.00",25/8/1999
41,1222,6,7,8,11,15,44,"$13,000,000.00",22/8/1999
41,1221,4,20,21,32,37,39,"$12,000,000.00",18/8/1999
41,1220,4,5,11,14,18,43,"$11,000,000.00",15/8/1999
41,1219,6,12,13,17,22,32,"$10,000,000.00",11/8/1999
41,1218,7,8,14,18,35,36,"$9,000,000.00",8/8/1999
41,1217,15,18,19,38,39,43,"$8,000,000.00",4/8/1999
41,1216,12,14,27,31,34,44,"$7,000,000.00",1/8/1999
41,1215,10,18,20,32,35,38,"$6,000,000.00",28/7/1999
41,1214,5,8,15,20,21,39,"$5,000,000.00",25/7/1999
41,1213,12,17,22,29,34,36,"$4,000,000.00",21/7/1999
41,1212,15,16,19,22,25,28,"$3,000,000.00",18/7/1999
41,1211,1,6,11,24,35,40,"$2,000,000.00",14/7/1999
41,1210,5,9,21,28,33,44,"$3,000,000.00",11/7/1999
41,1209,5,17,22,26,29,30,"$1,000,000.00",7/7/1999
41,1208,4,19,27,32,33,43,"$10,000,000.00",4/7/1999
41,1207,9,18,23,25,29,31,"$9,000,000.00",30/6/1999
41,1206,1,12,13,19,25,32,"$8,000,000.00",27/6/1999
41,1205,16,18,28,30,31,39,"$7,000,000.00",23/6/1999
41,1204,13,17,30,31,34,41,"$6,000,000.00",20/6/1999
41,1203,11,12,14,26,34,38,"$5,000,000.00",16/6/1999
41,1202,2,13,26,37,38,42,"$4,000,000.00",13/6/1999
41,1201,3,18,21,23,29,41,"$3,000,000.00",9/6/1999
41,1200,4,25,27,34,36,41,"$2,000,000.00",6/6/1999
41,1199,2,5,12,26,28,39,"$12,000,000.00",2/6/1999
41,1198,3,14,17,24,30,41,"$11,000,000.00",30/5/1999
41,1197,5,14,15,25,26,34,"$10,000,000.00",26/5/1999
41,1196,3,6,23,28,30,42,"$9,000,000.00",23/5/1999
41,1195,5,25,30,34,39,44,"$8,000,000.00",19/5/1999
41,1194,5,9,17,18,29,42,"$7,000,000.00",16/5/1999
41,1193,1,5,6,15,35,42,"$6,000,000.00",12/5/1999
41,1192,7,10,17,21,37,43,"$5,000,000.00",9/5/1999
41,1191,5,7,16,31,32,36,"$4,000,000.00",5/5/1999
41,1190,5,14,15,23,31,44,"$3,000,000.00",2/5/1999
41,1189,13,24,30,34,36,41,"$2,000,000.00",28/4/1999
41,1188,6,11,14,21,23,27,"$2,000,000.00",25/4/1999
41,1187,3,18,21,29,37,39,"$30,000,000.00",21/4/1999
41,1186,2,10,15,30,42,44,"$28,000,000.00",18/4/1999
41,1185,12,19,20,24,30,34,"$27,000,000.00",14/4/1999
41,1184,4,8,27,31,32,35,"$26,000,000.00",11/4/1999
41,1183,17,21,25,28,31,34,"$25,000,000.00",7/4/1999
41,1182,6,25,28,30,35,42,"$24,000,000.00",4/4/1999
41,1181,3,18,23,31,34,38,"$23,000,000.00",31/3/1999
41,1180,5,7,12,13,32,43,"$22,000,000.00",28/3/1999
41,1179,21,23,25,29,33,44,"$21,000,000.00",24/3/1999
41,1178,10,15,21,25,29,39,"$20,000,000.00",21/3/1999
41,1177,6,12,18,20,25,32,"$19,000,000.00",17/3/1999
41,1176,3,19,37,39,40,43,"$18,000,000.00",14/3/1999
41,1175,7,33,35,40,42,44,"$17,000,000.00",10/3/1999
41,1174,6,8,18,24,32,39,"$16,000,000.00",7/3/1999
41,1173,2,5,18,26,30,31,"$15,000,000.00",3/3/1999
41,1172,3,6,7,8,17,43,"$14,000,000.00",28/2/1999
41,1171,10,11,18,21,27,32,"$13,000,000.00",24/2/1999
41,1170,2,3,17,18,27,29,"$12,000,000.00",21/2/1999
41,1169,6,11,17,18,30,43,"$11,000,000.00",17/2/1999
41,1168,6,9,10,13,22,35,"$10,000,000.00",14/2/1999
41,1167,3,12,13,18,25,41,"$9,000,000.00",10/2/1999
41,1166,1,16,28,31,36,43,"$8,000,000.00",7/2/1999
41,1165,8,9,12,13,22,24,"$7,000,000.00",3/2/1999
41,1164,19,21,26,30,43,44,"$6,000,000.00",31/1/1999
41,1163,1,15,17,24,33,36,"$5,000,000.00",27/1/1999
41,1162,6,11,15,17,22,42,"$4,000,000.00",24/1/1999
41,1161,3,10,29,35,41,42,"$3,000,000.00",20/1/1999
41,1160,13,30,34,39,41,44,"$2,000,000.00",17/1/1999
41,1159,11,16,32,38,39,44,"$11,000,000.00",13/1/1999
41,1158,3,17,20,25,35,37,"$10,000,000.00",10/1/1999
41,1157,8,14,29,33,38,43,"$9,000,000.00",6/1/1999
41,1156,19,21,24,30,34,41,"$8,000,000.00",3/1/1999
41,1155,10,18,27,28,40,42,"$7,000,000.00",30/12/1998
41,1154,1,2,6,10,19,23,"$6,000,000.00",27/12/1998
41,1153,8,12,14,18,41,44,"$5,000,000.00",23/12/1998
41,1152,13,16,25,28,31,42,"$4,000,000.00",20/12/1998
41,1151,4,6,10,13,31,32,"$3,000,000.00",16/12/1998
41,1150,1,9,14,17,21,33,"$2,000,000.00",13/12/1998
41,1149,1,10,25,32,36,39,"$4,000,000.00",9/12/1998
41,1148,13,17,21,22,30,37,"$3,000,000.00",6/12/1998
41,1147,1,19,29,33,36,40,"$2,000,000.00",2/12/1998
41,1146,1,16,21,31,33,40,"$6,000,000.00",29/11/1998
41,1145,9,15,18,19,23,44,"$5,000,000.00",25/11/1998
41,1144,5,10,19,21,36,38,"$4,000,000.00",22/11/1998
41,1143,17,27,29,33,37,38,"$3,000,000.00",18/11/1998
41,1142,17,24,26,29,38,41,"$2,000,000.00",15/11/1998
41,1141,2,8,15,16,19,33,"$24,000,000.00",11/11/1998
41,1140,19,23,26,28,36,39,"$23,000,000.00",8/11/1998
41,1139,4,11,29,30,37,41,"$22,000,000.00",4/11/1998
41,1138,11,13,23,25,33,38,"$21,000,000.00",1/11/1998
41,1137,2,14,27,40,43,44,"$20,000,000.00",28/10/1998
41,1136,3,11,12,22,23,34,"$19,000,000.00",25/10/1998
41,1135,16,20,26,30,31,36,"$18,000,000.00",21/10/1998
41,1134,6,12,16,20,41,43,"$17,000,000.00",18/10/1998
41,1133,4,8,12,13,39,43,"$16,000,000.00",14/10/1998
41,1132,2,19,23,35,36,40,"$15,000,000.00",11/10/1998
41,1131,4,22,26,29,41,44,"$14,000,000.00",7/10/1998
41,1130,1,9,10,18,25,33,"$13,000,000.00",4/10/1998
41,1129,9,16,19,24,26,43,"$12,000,000.00",30/9/1998
41,1128,5,8,17,18,35,44,"$11,000,000.00",27/9/1998
41,1127,1,2,7,23,25,35,"$10,000,000.00",23/9/1998
41,1126,1,6,24,26,33,37,"$9,000,000.00",20/9/1998
41,1125,11,18,22,27,30,44,"$8,000,000.00",16/9/1998
41,1124,2,9,13,37,41,43,"$7,000,000.00",13/9/1998
41,1123,3,4,10,19,28,41,"$6,000,000.00",9/9/1998
41,1122,8,9,22,26,34,37,"$5,000,000.00",6/9/1998
41,1121,10,28,34,35,36,41,"$4,000,000.00",2/9/1998
41,1120,13,22,26,35,37,42,"$3,000,000.00",30/8/1998
41,1119,5,16,24,28,35,41,"$2,000,000.00",26/8/1998
41,1118,3,21,26,33,38,41,"$27,000,000.00",23/8/1998
41,1117,1,3,5,7,33,38,"$25,000,000.00",19/8/1998
41,1116,6,9,20,28,36,43,"$24,000,000.00",16/8/1998
41,1115,10,15,23,25,31,40,"$23,000,000.00",12/8/1998
41,1114,1,28,30,40,41,43,"$22,000,000.00",9/8/1998
41,1113,9,17,29,35,38,40,"$21,000,000.00",5/8/1998
41,1112,8,12,23,24,40,42,"$20,000,000.00",2/8/1998
41,1111,4,15,24,29,30,39,"$19,000,000.00",29/7/1998
41,1110,6,16,17,26,28,34,"$18,000,000.00",26/7/1998
41,1109,2,6,22,29,32,40,"$17,000,000.00",22/7/1998
41,1108,8,12,23,24,29,39,"$16,000,000.00",19/7/1998
41,1107,2,4,8,27,32,33,"$15,000,000.00",15/7/1998
41,1106,1,7,8,14,20,26,"$14,000,000.00",12/7/1998
41,1105,10,28,38,41,42,43,"$13,000,000.00",8/7/1998
41,1104,13,18,21,27,38,43,"$12,000,000.00",5/7/1998
41,1103,1,22,25,33,36,37,"$11,000,000.00",1/7/1998
41,1102,7,12,38,39,41,42,"$10,000,000.00",28/6/1998
41,1101,5,6,21,23,40,44,"$9,000,000.00",24/6/1998
41,1100,3,15,18,23,33,38,"$8,000,000.00",21/6/1998
41,1099,2,10,18,27,34,36,"$7,000,000.00",17/6/1998
41,1098,3,11,22,23,34,41,"$6,000,000.00",14/6/1998
41,1097,5,11,18,30,32,35,"$5,000,000.00",10/6/1998
41,1096,1,13,20,30,36,42,"$4,000,000.00",7/6/1998
41,1095,9,22,23,25,32,44,"$3,000,000.00",3/6/1998
41,1094,1,7,12,14,29,37,"$2,000,000.00",31/5/1998
41,1093,2,5,10,17,22,26,"$9,000,000.00",27/5/1998
41,1092,5,9,22,30,35,37,"$8,000,000.00",24/5/1998
41,1091,11,21,34,39,42,44,"$7,000,000.00",20/5/1998
41,1090,6,19,32,33,36,37,"$6,000,000.00",17/5/1998
41,1089,4,7,15,23,28,32,"$5,000,000.00",13/5/1998
41,1088,6,20,21,25,28,41,"$4,000,000.00",10/5/1998
41,1087,14,16,21,23,31,43,"$3,000,000.00",6/5/1998
41,1086,4,30,31,32,36,42,"$3,000,000.00",3/5/1998
41,1085,8,10,18,20,23,36,"$17,000,000.00",29/4/1998
41,1084,9,11,16,17,18,43,"$16,000,000.00",26/4/1998
41,1083,12,17,19,22,30,44,"$15,000,000.00",22/4/1998
41,1082,5,11,21,26,27,31,"$14,000,000.00",19/4/1998
41,1081,5,6,7,22,33,38,"$13,000,000.00",15/4/1998
41,1080,15,17,22,27,29,39,"$12,000,000.00",12/4/1998
41,1079,18,23,28,36,37,40,"$11,000,000.00",8/4/1998
41,1078,2,18,24,33,38,42,"$10,000,000.00",5/4/1998
41,1077,13,21,23,25,32,37,"$9,000,000.00",1/4/1998
41,1076,2,9,10,17,33,39,"$8,000,000.00",29/3/1998
41,1075,3,4,9,12,30,40,"$7,000,000.00",25/3/1998
41,1074,8,16,20,30,35,40,"$6,000,000.00",22/3/1998
41,1073,5,27,31,38,42,44,"$5,000,000.00",18/3/1998
41,1072,12,15,25,30,36,38,"$4,000,000.00",15/3/1998
41,1071,2,3,12,16,21,25,"$3,000,000.00",11/3/1998
41,1070,6,10,15,20,26,28,"$2,000,000.00",8/3/1998
41,1069,1,15,19,29,39,40,"$19,000,000.00",4/3/1998
41,1068,12,13,14,31,34,41,"$18,000,000.00",1/3/1998
41,1067,12,18,20,21,29,41,"$17,000,000.00",25/2/1998
41,1066,2,3,6,17,40,41,"$16,000,000.00",22/2/1998
41,1065,7,12,30,34,36,43,"$15,000,000.00",18/2/1998
41,1064,7,9,11,17,32,44,"$14,000,000.00",15/2/1998
41,1063,1,2,6,19,29,43,"$13,000,000.00",11/2/1998
41,1062,3,18,22,40,42,43,"$12,000,000.00",8/2/1998
41,1061,7,14,19,20,27,39,"$11,000,000.00",4/2/1998
41,1060,1,14,37,38,40,42,"$10,000,000.00",1/2/1998
41,1059,2,8,11,26,43,44,"$9,000,000.00",28/1/1998
41,1058,5,12,15,18,24,37,"$8,000,000.00",25/1/1998
41,1057,3,7,13,20,37,38,"$7,000,000.00",21/1/1998
41,1056,13,14,26,38,43,44,"$6,000,000.00",18/1/1998
41,1055,2,9,12,14,23,36,"$5,000,000.00",14/1/1998
41,1054,8,11,26,32,41,44,"$5,000,000.00",11/1/1998
41,1053,3,6,8,21,22,28,"$4,000,000.00",7/1/1998
41,1052,9,18,21,29,39,43,"$2,000,000.00",4/1/1998
41,1051,3,6,9,11,13,28,"$21,000,000.00",31/12/1997
41,1050,1,6,13,18,22,39,"$20,000,000.00",28/12/1997
41,1049,13,16,17,18,21,24,"$19,000,000.00",24/12/1997
41,1048,12,21,22,28,29,43,"$18,000,000.00",21/12/1997
41,1047,3,17,19,21,30,34,"$17,000,000.00",17/12/1997
41,1046,13,14,19,25,26,40,"$16,000,000.00",14/12/1997
41,1045,7,17,26,28,36,43,"$15,000,000.00",10/12/1997
41,1044,17,23,30,32,40,41,"$14,000,000.00",7/12/1997
41,1043,3,5,8,9,32,39,"$13,000,000.00",3/12/1997
41,1042,7,16,18,21,29,36,"$12,000,000.00",30/11/1997
41,1041,11,20,22,29,39,42,"$12,000,000.00",26/11/1997
41,1040,2,24,28,29,31,34,"$10,000,000.00",23/11/1997
41,1039,1,9,23,26,29,36,"$9,000,000.00",19/11/1997
41,1038,1,12,14,32,34,37,"$8,000,000.00",16/11/1997
41,1037,7,26,27,30,33,44,"$7,000,000.00",12/11/1997
41,1036,8,9,17,24,40,42,"$6,000,000.00",9/11/1997
41,1035,5,11,22,31,34,43,"$4,000,000.00",5/11/1997
41,1034,11,22,25,26,31,38,"$3,000,000.00",2/11/1997
41,1033,1,7,33,38,42,43,"$2,000,000.00",29/10/1997
41,1032,2,8,11,18,20,27,"$6,000,000.00",26/10/1997
41,1031,10,11,12,21,27,29,"$5,000,000.00",22/10/1997
41,1030,15,19,29,32,42,44,"$3,000,000.00",19/10/1997
41,1029,16,19,24,26,27,36,"$2,000,000.00",15/10/1997
41,1028,7,12,14,16,19,26,"$2,000,000.00",12/10/1997
41,1027,1,12,14,28,39,43,"$2,000,000.00",8/10/1997
41,1026,4,11,12,13,17,34,"$7,000,000.00",5/10/1997
41,1025,3,4,8,12,15,31,"$6,000,000.00",1/10/1997
41,1024,3,11,17,21,37,44,"$5,000,000.00",28/9/1997
41,1023,8,17,20,21,28,44,"$4,000,000.00",24/9/1997
41,1022,1,14,18,33,35,40,"$3,000,000.00",21/9/1997
41,1021,7,15,33,34,35,39,"$2,000,000.00",17/9/1997
41,1020,1,5,9,12,35,39,"$14,000,000.00",14/9/1997
41,1019,3,5,19,25,28,36,"$13,000,000.00",10/9/1997
41,1018,13,22,23,24,27,38,"$12,000,000.00",7/9/1997
41,1017,16,27,31,35,38,40,"$8,000,000.00",3/9/1997
41,1016,1,5,26,31,34,43,"$8,000,000.00",31/8/1997
41,1015,15,17,22,30,31,42,"$6,000,000.00",27/8/1997
41,1014,5,10,16,20,31,33,"$4,000,000.00",24/8/1997
41,1013,8,11,14,19,21,34,"$3,000,000.00",20/8/1997
41,1012,1,13,28,29,36,42,"$2,000,000.00",17/8/1997
41,1011,4,10,15,18,26,39,"$3,000,000.00",13/8/1997
41,1010,4,12,15,19,20,34,"$2,000,000.00",10/8/1997
41,1009,2,12,25,29,33,42,"$2,000,000.00",6/8/1997
